filename,bicubic_psnr,bicubic_ssim,srcnn_psnr,srcnn_ssim,edsr_psnr,edsr_ssim
103064_A1_000827.png,34.56048729526414,0.8785796374893189,37.00322808575032,0.9453054940824509,37.42586493154171,0.9485811830148697
103064_A1_000828.png,34.33453759736778,0.8827846520433426,36.54905874057708,0.9401860469112396,36.72618143134298,0.9411894008860588
103064_A2_000829.png,34.76033661992258,0.8716464079465867,37.726943394073416,0.9460420995664597,38.23028304559282,0.9501205687646865
103064_A2_000830.png,34.59601969118459,0.8764294072108268,37.337749063601514,0.9466341028776168,37.746278840720095,0.9497523152437211
103064_A3_000831.png,34.8397360554003,0.8833133506469727,38.028364977670705,0.954612232416153,38.355570210175124,0.9565522747049332
103064_A3_000832.png,34.84991150923021,0.8701793525605201,38.05672207019932,0.9481311997776032,38.2843250256244,0.950412664894104
103064_B4_000833.png,34.92781928277858,0.851594390385151,38.99304692905807,0.9584781330299378,39.549140930188486,0.9616231083993911
103064_B4_000834.png,34.8284755164023,0.8838106261219978,37.46548244963944,0.94762295682621,37.942077944623676,0.9529620704202652
103064_B5_000835.png,35.306911857190016,0.8738092729558945,39.166876422553656,0.9602874027404785,39.92467043368095,0.9644560941400528
103064_B5_000836.png,34.87719412847003,0.8670529603028297,37.889123221930234,0.9453364492702484,38.49589568179013,0.9508036930627823
103064_C10_000845.png,35.13390889464648,0.8772790830955506,38.83369982495451,0.9620393612556457,39.31586859195847,0.9643587396764756
103064_C10_000846.png,35.01651763188566,0.8877197247090339,38.31832402172091,0.9578866671504974,38.90671989220263,0.9617575079221725
103064_C11_000847.png,34.93950313207337,0.8817801841831208,38.47694408805866,0.9583366607503891,39.21649652275513,0.9624353637599945
103064_C11_000848.png,35.24505828138294,0.8685731558055878,39.29032269740149,0.9624131225242615,40.03806604702803,0.9677345727672577
103064_C12_000849.png,35.18131849345301,0.8760949275093078,39.33200423705432,0.9673142324018479,40.05474253063268,0.9709445983953476
103064_C12_000850.png,35.17323948133609,0.885326501522541,38.57562239063436,0.9623941285943985,39.31975295048561,0.9676768542146683
103064_C6_000837.png,34.843941506533554,0.873019149189949,37.67442659363403,0.9450066421146393,38.04216003169341,0.9475420831480026
103064_C6_000838.png,35.151044264662865,0.8755539931602478,38.533990650049745,0.9537083348999024,39.00826792441547,0.955564012415886
103064_C7_000839.png,35.05935402567602,0.8608759448900223,39.589239694933774,0.9659722311763763,40.41697888318328,0.9701045249643325
103064_C7_000840.png,35.01373390547399,0.8899486383199692,38.248083940288524,0.95701805352211,38.64614941643615,0.9602522149715423
103064_C8_000841.png,35.266664936022195,0.8611186338596344,40.10527543730135,0.9695783755350112,40.95005002005593,0.9731226926412583
103064_C8_000842.png,35.13074280098816,0.8861452518701554,39.01714150112955,0.9644452135181427,39.380014169369296,0.9670699600601196
103064_C9_000843.png,35.07266880430453,0.8841734474568367,38.639237912800915,0.9632508597269058,39.224894346059145,0.9662334495363235
103064_C9_000844.png,35.15213630236782,0.8643759213318825,39.45714810279444,0.9614413279876709,40.404813014306086,0.9669893016004563
103064_D13_000851.png,35.23915156615987,0.8710464233863354,39.45441489028855,0.9668471326065063,40.28776863938673,0.9706030482950211
103064_D13_000852.png,35.06215845633982,0.879503326731205,39.17356912894761,0.9661164178943634,39.78165983939093,0.9696419190664292
103064_D14_000853.png,35.18594004322389,0.86752947453022,39.49824534506173,0.9632774010267258,40.24487037677397,0.9671910066251754
103064_D14_000854.png,35.209360574481956,0.8665330391836167,39.31380590207435,0.9631875671262741,40.082489989204205,0.9678596216173172
103064_D15_000855.png,35.14505281945455,0.8677863675880432,39.424346271484126,0.9675393464698792,40.09180626071314,0.9708790347919464
103064_D15_000856.png,35.15406058427316,0.8723488091955185,39.305720779456706,0.9683770174837112,40.41823547447673,0.9752585867090225
103064_E16_000857.png,35.32112533286815,0.8697450283894539,40.06653433526243,0.9729852853975296,40.8814085384233,0.9766952365818024
103064_E16_000858.png,35.47851775129026,0.8690185115923882,40.141005738945246,0.9746607579116822,41.22600938998921,0.9791291452589035
103064_E17_000859.png,35.34484125018339,0.8694346226558686,40.16984097603691,0.9717609454917908,41.21285173155481,0.9778309810400009
103064_E17_000860.png,35.33903756893506,0.8599617098317146,40.55707447671775,0.9721180832767486,41.40072943082232,0.9762285335884094
103064_E18_000861.png,35.33165507789697,0.8757348044342995,39.98757296793475,0.9752933045215607,40.87347562029937,0.9813139286031723
103064_F19_000862.png,35.08559636006363,0.8600059657530784,40.3999606060722,0.9721079158296585,41.20308052880702,0.9768681319217681
103064_F19_000863.png,35.34632658275014,0.8663603032889367,40.55487366290243,0.9753552885818482,41.2502829939875,0.9784098503656388
103064_F20_000864.png,35.29643986710316,0.8690241577301026,40.3000036065528,0.974964891711235,41.105018848212026,0.9796545621738434
103064_F20_000865.png,35.29225148463369,0.8672939985833168,40.40505896942279,0.9749431418237686,41.47518972140983,0.9808247738828659
103064_G21_000866.png,35.28071741849828,0.8611383035821915,40.55016311208433,0.9773740877981186,41.66678882336449,0.9821557463960647
103064_G21_000867.png,35.236188900553586,0.8580825034694671,40.75775561669845,0.977675084698677,41.87455427392682,0.9825984638881683
103064_G22_000868.png,35.45127835475776,0.855821885980606,40.815396414506196,0.9727642034654618,41.76359759189523,0.975871554517746
103064_G22_000869.png,35.28779904501461,0.8755172695055008,40.06833518541356,0.9750834708881378,40.78852661316031,0.978658761095047
103064_X_000870.png,35.07622960600918,0.8514014290070534,39.35028833730422,0.9572677373628616,40.214431054280254,0.9627631376581192
103064_Y_000871.png,35.30593514382983,0.8775809056491852,40.16895111563226,0.9748537726764679,41.08018217024329,0.9815763982095719
103202_A1_001241.png,35.35351322996529,0.8852734446969033,39.024055374545426,0.9675729757461548,39.28950040242328,0.9693145382146835
103202_A1_001242.png,34.82998964948027,0.88699405635643,36.84663274543495,0.945469910648346,37.47646943231259,0.9509819650049209
103202_A2_001243.png,35.18160108507231,0.8832088121352196,37.89191336373464,0.9550191741886139,38.14482890384027,0.9561733342456817
103202_A2_001244.png,34.84323508898355,0.8690864159522057,37.38623157083989,0.9442651663179398,37.66820884293638,0.9455714359140396
103202_A3_001245.png,34.895157235392766,0.9001279433979988,37.15307093385755,0.9566538396692276,37.84622992516101,0.9625335872282982
103202_A3_001246.png,34.99616977068901,0.9068697852811813,37.460641072706714,0.9601889476175308,37.76269823402026,0.9621063772583007
103202_B4_001247.png,35.09909720933293,0.8713643106985092,38.42541456234947,0.9578811280870437,38.86358755865513,0.9597617078399658
103202_B4_001248.png,34.81076590060245,0.8778605675950051,37.986715381791704,0.9551524573659896,38.16537403671151,0.9564013399305343
103202_B5_001249.png,35.56722545054732,0.8860525080337525,39.344439229270236,0.9636595237531662,39.54871833758686,0.9639999424734116
103202_B5_001250.png,35.377990786850035,0.8877041468968392,38.71260931079907,0.9641648346853257,39.14337715654038,0.9668361248054504
103202_C10_001259.png,35.25631763487989,0.868368813990593,39.2171944167385,0.9705038563098908,39.75821190747601,0.9736717562732696
103202_C10_001260.png,35.26601940306713,0.888066958070755,38.49423820705322,0.9633298704280854,39.00044022005137,0.9665945065927506
103202_C11_001261.png,35.27566775256666,0.89086407908535,38.80613711686712,0.9690969175605774,39.322463903784254,0.972017207824707
103202_C11_001262.png,35.452156775280564,0.8756735540685654,39.6589708497062,0.9709216642789841,40.177563245473884,0.974208858417511
103202_C12_001263.png,35.124371939590475,0.8752772520675659,38.66055957082187,0.9632571997699737,39.312474642161476,0.9668330437650681
103202_C12_001264.png,35.451532387227275,0.8785947054014206,39.358931536654374,0.9682520905237197,39.74909297802721,0.9699988210792542
103202_C6_001251.png,35.23388774937857,0.8581004059643745,39.16436191258488,0.9613784387941361,39.67090546932414,0.9635941100130081
103202_C6_001252.png,34.890043568205215,0.8923360706853867,37.62995350110396,0.9598123936290741,38.107441010417055,0.9633789209451675
103202_C7_001253.png,35.38633965383672,0.8795462036471366,39.45277035589412,0.9695285902080536,39.76113353538908,0.970680644733429
103202_C7_001254.png,35.136833770072016,0.8763125111484528,38.43030350410459,0.9573134088211059,38.855655714586646,0.9615756596107483
103202_C8_001255.png,35.148840075144825,0.8690044280157089,39.34707777675718,0.970533859758377,40.045278876670196,0.9735428851575851
103202_C8_001256.png,35.3511075334004,0.8887296752419471,38.803165292148734,0.9660991232471466,39.21366395817711,0.9694728109474182
103202_C9_001257.png,35.29901558838239,0.860701005633831,39.89853765872917,0.9694199112930297,40.532765853934535,0.9723473952884674
103202_C9_001258.png,36.40002475639632,0.8974632108812333,40.6028007662961,0.970885243144989,40.54056118855048,0.9719309649820328
103202_D13_001265.png,36.026290201562325,0.9050231086764335,39.98474878502,0.9769532022228241,40.31294115688969,0.9781623366594314
103202_D13_001266.png,35.789783628243676,0.9067996818599701,39.27229748807907,0.9711160141925812,39.89743254173648,0.9753107576999664
103202_D14_001267.png,36.09622954004747,0.8890579503755569,40.831657458356496,0.9770362433071137,41.150975861480845,0.9781742005271912
103202_D14_001268.png,35.273498411194836,0.8659079179210663,39.466764076186614,0.9691887415657043,39.99557804652913,0.9714303940725326
103202_D15_001269.png,35.35135667538933,0.8667067238321304,39.92271781600479,0.9726927731742859,40.5993130152378,0.9750393488016128
103202_D15_001270.png,35.41606026982831,0.8744806017255783,39.665816217510425,0.9710423953142167,40.212942997766994,0.9736904817819595
103202_E16_001271.png,35.87396873597329,0.877990888449192,40.7607781355675,0.9775378629732132,41.16602582274232,0.9796823504428863
103202_E16_001272.png,35.412596910162655,0.8767845154552459,39.7512577367274,0.9727641239376068,40.530634713962314,0.9771200746498108
103202_E17_001273.png,35.38524580217476,0.8687219883561135,40.17256572939949,0.9769304895305634,41.11819587414295,0.9807601824598312
103202_E17_001274.png,35.30775037309888,0.8621139778165817,40.160113059711115,0.9757356669521332,41.03879455490073,0.9795547263269424
103202_E18_001275.png,35.53825969678186,0.8793237264199257,40.09555521466578,0.9771399266929627,40.683957177851354,0.9795635213308335
103202_E18_001276.png,36.06845857840534,0.8933258253588676,41.32233908014498,0.9805150805549622,41.66804557585504,0.9827322176494598
103202_F19_001277.png,35.498964943355006,0.8775204340581894,40.374591009637015,0.9775495145750046,41.30510037803684,0.9811205731487275
103202_F19_001278.png,35.729224475635284,0.876313432197094,40.781286313846934,0.9795797109203339,41.47874108323232,0.9821757174291611
103202_F20_001279.png,35.76963123730763,0.8914767447834014,40.58874969460721,0.9800622346382141,41.41689777116894,0.9838886492614746
103202_F20_001280.png,35.260906662948656,0.8779669535677433,40.173361034507636,0.9769024356002808,41.06966127005972,0.9825491627063752
103202_G21_001281.png,35.386473264004906,0.8756135942077636,40.24599164769111,0.975563347538948,41.26699106706727,0.9824058060350418
103202_G21_001282.png,35.739562917975455,0.8907542878932952,40.40398507533845,0.97805627069664,41.1123723412038,0.9818874166603089
103202_G22_001283.png,35.13562763048402,0.8600615096592903,40.56256962387685,0.9789508406982422,41.541986261692415,0.9833149544916153
103202_G22_001284.png,35.82203482522153,0.8776524637489319,40.99637431232293,0.9809401313428879,41.59998963691139,0.9838810900888443
103202_X_001285.png,36.43020817626171,0.9064391871733666,41.14774905298233,0.9757466997079849,41.03986913553064,0.9749946950817108
103202_Y_001286.png,35.53244336155787,0.8779949272203446,40.46586133394284,0.9770685440855026,40.994349447423986,0.9798891655817031
104144_A1_001793.png,35.697632197586984,0.8940196625566482,38.65160755558405,0.9592457608904839,38.97483561226697,0.9613905964698791
104144_A1_001794.png,35.295698064784375,0.9018358612499237,37.607865991613046,0.9611234186811447,38.089247717324966,0.9658192302598954
104144_A2_001795.png,35.56060565846763,0.8897629016809464,38.94258503030051,0.9629342860279083,39.16027776634617,0.9649323966350556
104144_A2_001796.png,35.296639403178666,0.9031419585404397,37.43346619299243,0.9572637535223961,37.98211504528588,0.9642457619476318
104144_A3_001797.png,35.07068630564483,0.897985305636406,37.612562840063795,0.9579012027759553,38.03233442672474,0.9621406614122391
104144_A3_001798.png,35.81358307759794,0.9037314762163162,38.716354121562496,0.964423657781601,39.008843875898904,0.9669940811481476
104144_B4_001799.png,34.81764031199075,0.875149849536419,37.85081278650645,0.9504317871255875,38.409804807386195,0.9555114410295487
104144_B4_001800.png,34.71773337811228,0.8994974773621559,37.16167714208622,0.9602707040691376,38.10209872683362,0.9644612364573478
104144_B5_001801.png,35.33560156379203,0.8936123304405212,38.276286383248944,0.9577965036058426,38.768190873027365,0.9627082110338211
104144_B5_001802.png,35.32190181703511,0.8991577642655373,38.61628621984252,0.9644112205934524,39.284571032289236,0.9696334485702515
104144_C10_001811.png,35.794500330056856,0.8957174018321037,39.668761523319375,0.9686367233839035,39.98883347962104,0.9712940576295853
104144_C10_001812.png,35.980395713880206,0.9046894679949283,39.277575621517926,0.9691241098537445,39.93161709138534,0.9734001934776306
104144_C11_001813.png,35.20578951983485,0.8828756750416755,38.776848460423494,0.9641550418958664,39.33667296206844,0.9682174679746628
104144_C11_001814.png,35.89447893383163,0.9032067459869385,39.67241728940706,0.9716677442932129,39.97891350756352,0.9739941692171097
104144_C12_001815.png,35.58176044119521,0.8779220923223495,39.710385742720916,0.9687256439542771,40.21559828358308,0.9726603888616562
104144_C12_001816.png,36.418888106263005,0.9026194809436798,41.065282987036376,0.9773250369110107,41.15231765194642,0.9793070650577546
104144_C6_001803.png,35.48418169172697,0.88856904510355,38.57503536077959,0.9587724509534836,39.07795865225801,0.9630162121124267
104144_C6_001804.png,35.706332345800256,0.9036473917517662,38.84952887244006,0.9660732890701293,39.37755906858282,0.9707035344018936
104144_C7_001805.png,35.703306166676036,0.8962128292369842,38.89509646544867,0.9653992226438523,39.2872080014823,0.968225048614502
104144_C7_001806.png,35.73451946066231,0.880805576183796,39.64982285109644,0.9690501554689407,40.299010114651075,0.9727267413854599
104144_C8_001807.png,35.64036984116533,0.8799735008287429,39.664231225309855,0.9653633761386872,40.14850781995363,0.9694202644691468
104144_C8_001808.png,35.60547762850337,0.885820983807087,39.731650290806954,0.9702133217201233,40.31080606261117,0.9732563220739364
104144_C9_001809.png,35.645363274615136,0.8866263730387688,39.16291608297746,0.9643532826728821,39.42337353918528,0.9660566864748001
104144_C9_001810.png,35.78210116518947,0.9083409999036789,38.80674114459146,0.9662206967077255,39.36787411277476,0.9707557664356232
104144_D13_001817.png,35.29740652251347,0.8822635467362404,39.35018288065792,0.9684751497678756,40.02121734809829,0.9728372448263168
104144_D13_001818.png,36.06984220229669,0.8969864352631569,40.597277789968956,0.9763918195056915,40.90833307877479,0.9786009850473404
104144_D14_001819.png,35.44475901861587,0.8848004520978927,39.97073665904252,0.9735624283390045,40.62829467116336,0.9771060015296936
104144_D14_001820.png,35.64112858350331,0.9072639158143997,38.707195628289966,0.9673063274774552,39.054795253477316,0.9705154755449295
104144_D15_001821.png,35.182930975995895,0.8686204851317406,39.80151447746801,0.9714841872377395,40.59754652386836,0.976611169962883
104144_D15_001822.png,35.873901634373894,0.900219764424324,40.180834416916404,0.9740996506767273,40.60550633090284,0.9764456392822266
104144_E16_001823.png,35.334224383321114,0.8732967324633598,39.79679541222388,0.9722957938613892,40.61162636143536,0.9766504155826569
104144_E16_001824.png,36.40783045604275,0.9012327394380569,42.005529561979706,0.9826886165046692,42.44891560505355,0.9849751021280289
104144_E17_001825.png,35.887917222742956,0.8823684636955261,40.67200836257612,0.9750972228546143,41.07584548614646,0.9773378225955963
104144_E17_001826.png,36.28337810784865,0.895876970943451,41.59242478846751,0.9797305684556961,42.07726166783108,0.982652638461113
104144_E18_001827.png,35.64960671845931,0.8746231704163552,40.78635222072397,0.9774391016740799,41.14715187210079,0.9802083793745041
104144_E18_001828.png,36.20924767597386,0.8873495635688304,41.42177300448929,0.9805892883749008,41.94018557412859,0.9837311109466552
104144_F19_001829.png,35.48745596764604,0.8791876070671082,40.27827242566664,0.9752723633384704,40.7244185391495,0.9792575325212478
104144_F19_001830.png,35.75365076689148,0.8706335341968536,41.187352732005735,0.9792412402706147,41.873738594260374,0.9828997826519013
104144_F20_001831.png,36.01847595498034,0.8845735736575127,41.541550325372256,0.9793736817035675,42.00620900841112,0.9821518629198074
104144_F20_001832.png,36.33432462327996,0.8973207090811729,41.8536403639796,0.9815814041748047,42.07538771316994,0.9836306625442505
104144_G21_001833.png,36.089696072988275,0.8775726797966957,42.108762947187934,0.983426087097168,42.711514457342886,0.986868857506752
104144_G21_001834.png,35.48248862958551,0.8568811417555809,41.321123312590096,0.980665107339859,42.05150802314718,0.9837451310739517
104144_G22_001835.png,35.76641557682899,0.8766953540406227,41.41996366876391,0.9810715165414811,42.3140671041811,0.9846798171844482
104144_G22_001836.png,36.16611867181055,0.8918860720353127,41.570042536352155,0.9815494807319641,41.98101675157307,0.9840004058055878
104144_X_001837.png,35.86861978088146,0.891174982064724,39.80704826755315,0.9710196053113938,40.11240233654469,0.972919185300827
104144_Y_001838.png,35.77226806499044,0.8744446381196975,41.82086008120804,0.9822121998462677,42.52401670367149,0.9860126936826706
104201_A1_000138.png,36.462188505542755,0.921355138138771,40.901504590206336,0.9828079623823166,41.18397807234832,0.9835746775445938
104201_A1_000139.png,34.255075905295705,0.8678417549419403,36.66156918074994,0.9464340623936653,37.236786649621294,0.9494488394546509
104201_A2_000140.png,34.92033351146982,0.8810088493356705,37.70786187858056,0.953851908978939,37.94916484781115,0.9550128252062797
104201_A2_000141.png,35.140973954972864,0.8908807450842857,38.384221716882706,0.9660352419834137,38.92129898796446,0.968392540933609
104201_A3_000142.png,36.15649816650988,0.9009631122980117,40.775434228484535,0.978907371632576,41.22822645211747,0.9801019037065506
104201_A3_000143.png,35.45730255242638,0.9048242408299446,38.92151365413032,0.9705042171239853,39.26619942697736,0.9720721154880524
104201_B4_000144.png,36.21682188373672,0.8981178436079025,40.85385571630209,0.9760561014432907,40.87024930276378,0.9768036026725769
104201_B4_000145.png,34.99740951391564,0.8792931860923767,38.256513765010276,0.9601479792823792,38.63998283966574,0.9623524161558151
104201_B5_000146.png,36.64558544392963,0.9235708549990654,41.56900382774052,0.9853491340494156,42.14381554820144,0.9873153251924515
104201_B5_000147.png,35.862507560927284,0.9086218570966721,39.529736872430114,0.9744682154836655,39.918004827906415,0.9757850566654205
104201_C10_000156.png,36.740526564779145,0.9199419908504486,42.964900570308046,0.9888082932243347,43.97942916041556,0.990726454826355
104201_C10_000157.png,35.083331404159956,0.8819586949591637,38.90324295924712,0.9668678068685531,39.470370817712414,0.9694655969991683
104201_C11_000158.png,36.55645071351283,0.9245793291006088,41.18372383049977,0.9850783100042343,41.97590570050059,0.9873198626880646
104201_C11_000159.png,35.369719052759294,0.8805724286460876,39.1103953471685,0.9683780692882538,39.406335272004874,0.9700333158540726
104201_C12_000160.png,36.24403681403453,0.9060950545930863,41.262518524718175,0.9794129145355225,41.58676688342698,0.9806367565383911
104201_C12_000161.png,35.27909591523111,0.8856747210526467,38.689260022325406,0.9665442736263276,39.31080462301479,0.971047798707962
104201_C6_000148.png,35.96832386958305,0.9246017098083497,39.722089616469695,0.9799268359384536,40.44904609513485,0.9829447930250168
104201_C6_000149.png,35.50388490716493,0.8984686372337342,38.78899988915883,0.9666614548683167,38.90660903070425,0.9672707298402786
104201_C7_000150.png,35.97038937483565,0.9175231100196838,40.007056581516906,0.9760814920511246,40.45459866581194,0.9788288844556808
104201_C7_000151.png,35.56224547808557,0.9016724550471306,38.959883225639075,0.9734413674774169,39.80628777764343,0.9771300197401047
104201_C8_000152.png,35.67817635753962,0.9217886687979698,38.87862824664373,0.9720672165412902,39.36413087485909,0.9750288028430939
104201_C8_000153.png,35.15842217288771,0.862460603969574,39.561891769152425,0.9674244816665649,40.10884788598947,0.9704858662967681
104201_C9_000154.png,35.83378776432787,0.8958913874969482,40.05762297162897,0.9742453176050186,40.33841492813373,0.9757610064239503
104201_C9_000155.png,35.43234370390352,0.8706489532914161,39.92238744731773,0.9707099761705399,40.78877120045847,0.9748653681211471
104201_D13_000162.png,35.175551197799706,0.8857460199537277,39.030401185409794,0.9684639768543244,39.77793996114045,0.9735006872272491
104201_D13_000163.png,35.345180198122264,0.8727229262433052,39.856942636093706,0.9735479293165207,40.72184255275004,0.9778606403503418
104201_D14_000164.png,35.67816052766421,0.8889617328629493,39.897392747980234,0.9745903705415726,40.371303907792324,0.9767839499197006
104201_D14_000165.png,35.588569440946266,0.882253191016674,39.943179168471204,0.9755327662582397,40.628318249192404,0.9790335813570022
104201_D15_000166.png,35.83186848156397,0.9203456672401428,39.80303353814039,0.9772230430145263,40.3742798091271,0.98020419149971
104201_D15_000167.png,35.341800440424386,0.8957180975370407,39.19954574617759,0.9720229746341705,39.95808138234979,0.9763898117637634
104201_E16_000168.png,36.498467544548426,0.9219110457992554,41.633512880835006,0.9856087332429886,42.59712015661083,0.9882746281061172
104201_E16_000169.png,35.793267585767,0.8779541461782455,40.925703331920566,0.9798774585809708,41.49386603871462,0.9825400473279953
104201_E17_000170.png,36.74811039810294,0.9151024188256264,42.341308354769005,0.9846755907316208,42.92602543846656,0.9870404278383255
104201_E17_000171.png,35.18386360392676,0.8951875359549523,38.79865718885172,0.9682610439443589,39.863821108670116,0.9763527906208038
104201_E18_000172.png,35.648333693275774,0.8865714702634812,40.2821098247112,0.9792021450357438,41.011527384181925,0.9826271501636505
104201_E18_000173.png,36.33285160515517,0.9048772586693764,41.460429149455685,0.9819387887573242,42.00449461097029,0.984263789604187
104201_F19_000174.png,36.276752681575914,0.9053174895763397,41.140984581185414,0.9812563160276413,41.672102462480645,0.9832421804904937
104201_F19_000175.png,36.48287637733361,0.8989016306061745,42.178160805327465,0.9840236110811234,42.696319347907725,0.9860380309505463
104201_F20_000176.png,36.112612354755164,0.8986869297180176,41.34832609170079,0.982202517619133,42.24034679268663,0.9850139667320251
104201_F20_000177.png,35.323745781205886,0.8800391382966042,39.79551159555625,0.9751680599451065,40.88014758131035,0.9814403029813766
104201_G21_000178.png,35.74956211005977,0.8874124521951675,40.911085020613,0.9823196414260864,41.58001666590497,0.985698429813385
104201_G21_000179.png,35.80106182846342,0.8866406392230988,40.97699646825906,0.9810077340469361,41.92757044652445,0.9843835131692886
104201_G22_000180.png,35.78946827716028,0.8942050944361687,40.70085793534612,0.9807393696165085,41.41808406482915,0.9854267624797821
104201_G22_000181.png,35.355953892894256,0.8724968940782547,40.45178191917438,0.9750814294109345,41.57504850234712,0.9841835171279907
104201_X_000182.png,36.871024398222346,0.92232011165905,42.89777068739842,0.9888630835809707,43.61310056244541,0.9904442202892303
104201_Y_000183.png,36.33229361219098,0.8974879273118973,41.562646290163755,0.9825613254079819,42.35992139069044,0.9857304094581604
104374_A1_000552.png,33.89401279083769,0.8770206992726326,34.61582271541528,0.911339885725975,35.18738358547364,0.9202248006939888
104374_A1_000553.png,34.55012594222533,0.8639637388563156,36.13989339449398,0.9131441720523834,36.49284185463037,0.9160285494785309
104374_A2_000554.png,35.4267940811565,0.9148647406811714,37.319689540367506,0.9676108798584938,38.43691147784633,0.9714156294279098
104374_A2_000555.png,34.40853160827441,0.8672202797012329,36.09955127274598,0.9219271122288704,36.691237794937194,0.9281788215074539
104374_A3_000556.png,35.25202523564789,0.9121058981986045,36.97209335885178,0.9504332324047089,37.20954666048739,0.9527160917320251
104374_A3_000557.png,35.227532893133386,0.9062720034079552,36.86722655279395,0.9500023110339642,37.41094926254676,0.9527461444830895
104374_B4_000558.png,35.02309437788687,0.8557824389104843,38.43901696457142,0.9488451876182556,38.95876865478464,0.9532697812986374
104374_B4_000559.png,36.095710706716744,0.917378004447937,40.01389074411476,0.978599937133789,40.59761652279546,0.9804170436048508
104374_B5_000560.png,34.66834071262858,0.8600355533022881,37.28088379277783,0.9332809336271286,37.84938407408164,0.9395695274848938
104374_B5_000561.png,34.94029295858153,0.878570209965229,37.3210258134327,0.9388264417104721,37.59655963649166,0.941411095574379
104374_C10_000570.png,35.20763961108907,0.863072193195343,38.11911016948544,0.9456331830883026,38.293678819397854,0.9477591670818328
104374_C10_000571.png,35.8380463827137,0.8850966117367745,39.137207131501725,0.9513672050294876,39.13449261922541,0.9506489591732025
104374_C11_000572.png,35.28312639046917,0.908858097840786,37.568668850464945,0.9571301469650269,37.83232474995005,0.9590229174222946
104374_C11_000573.png,34.943845380753224,0.895084971824646,37.42485659393936,0.9525971973695755,37.805323733144235,0.9559926576881409
104374_C12_000574.png,34.990470482627686,0.8756120782208443,38.03334515480318,0.9480843233041764,38.52295215693467,0.9523910449171066
104374_C12_000575.png,35.850342896838555,0.8945041970705986,39.349849602976576,0.9649568513450623,39.710805280129506,0.967870156153202
104374_C6_000562.png,36.27126021067396,0.9124992922773362,39.899194625800305,0.9720430112342835,39.93952932338647,0.9725512900624276
104374_C6_000563.png,34.834131939695965,0.853969952911377,37.8693673957426,0.9354177937679291,38.34802588985299,0.9400781596717834
104374_C7_000564.png,35.25880559011454,0.8766060328083038,38.376108566962024,0.9494661814174652,38.64066114546683,0.9505861178712844
104374_C7_000565.png,36.482981840685326,0.9067177695782185,41.443643380135796,0.980049153140068,41.76304684852912,0.9812796145925522
104374_C8_000566.png,36.65953968250051,0.9205090301856995,41.55709989623938,0.9821365226945877,42.09951467418242,0.9839464599199295
104374_C8_000567.png,36.30005992316405,0.9220110067481995,40.63081574488262,0.9797734705600738,41.02170178369859,0.981021677315712
104374_C9_000568.png,35.832454298389635,0.9066764515190124,38.553653586658555,0.9608377925434113,38.55849916218153,0.9607220892400742
104374_C9_000569.png,35.12264985044079,0.875313816994667,38.69651593596303,0.9604491047029495,39.138092641298805,0.9637031333265305
104374_D13_000576.png,35.93615219822546,0.9074075278582573,39.71209241686181,0.9737408305625915,40.19632034590569,0.9765433291969299
104374_D13_000577.png,35.362210381316395,0.8807043422427178,39.03594800939092,0.9617106334848404,39.526665126642385,0.9657900216264724
104374_D14_000578.png,35.633560632811175,0.910496207312584,38.623465454220856,0.9662307371969223,39.46114303370755,0.9718384321317672
104374_D14_000579.png,35.90377189108202,0.8944322520871162,39.49422506635776,0.9647559835577011,39.790730947412214,0.9664406598472596
104374_D15_000580.png,36.076633725069456,0.8982329730968476,40.33406551273457,0.971516948802948,40.66981996037203,0.9736383829488754
104374_D15_000581.png,35.72796666537609,0.9121834633717537,39.31179603523702,0.9712629363613129,39.843916123529,0.9747089388828277
104374_E16_000582.png,35.7753848075611,0.8918115992054939,39.41528688831394,0.966449405380249,39.65243718429322,0.9678932716331482
104374_E16_000583.png,35.36131119361904,0.8825514783573151,39.2762035939843,0.9657730662231445,39.56646379000215,0.9678113256340027
104374_E17_000584.png,35.9629644130768,0.8755625653805733,40.09418029336856,0.9650828477239609,40.27105314129037,0.9665449344530106
104374_E17_000585.png,35.319333159778765,0.8815981971330643,38.75804183447983,0.9578486561651229,39.295431879082656,0.9620002893457412
104374_E18_000586.png,36.111399260043434,0.9071394329237938,40.59001034451068,0.9790575484018326,41.36407704281861,0.9826572019233704
104374_E18_000587.png,35.732190879433176,0.8862361823043823,40.48490607068526,0.9760412047939301,40.95419947385493,0.9783521725263595
104374_F19_000588.png,35.79289507766341,0.9088329569272995,39.53866265821867,0.974303195930481,40.403403497321236,0.9795829986152649
104374_F19_000589.png,35.36645701942945,0.8762187728080749,39.21472713365897,0.9665464898834228,39.59233749096756,0.9683531136074066
104374_F20_000590.png,35.794665153726655,0.8774293150267601,40.11868191493245,0.9708032209014893,40.182906718865745,0.9706856386384964
104374_F20_000591.png,36.134539995200214,0.8990469680728912,41.10545266255329,0.9799392894773483,41.23785147860336,0.9806387090988159
104374_G21_000592.png,35.628443159801414,0.8834943570184708,40.213103534857765,0.975216677827835,40.67707923288289,0.9776826849021911
104374_G21_000593.png,35.62835950934099,0.8923428569049835,40.33150181475207,0.977757962761879,40.937233619638825,0.9807934104251862
104374_G22_000594.png,35.32274180184976,0.8684112052116394,40.2450213957339,0.9717056036520004,41.0125953548624,0.9760112466821671
104374_G22_000595.png,36.309878779913795,0.9116067022876739,41.33351880639065,0.9811149272813797,41.96043312721524,0.9834849185380936
104374_X_000596.png,35.46246437338765,0.888419568210125,38.27036976010513,0.9534939704475403,38.421600623616754,0.954839135351181
104374_Y_000597.png,36.154761203851635,0.9120085505247116,40.17659710082636,0.9757182638502121,40.661409305119804,0.9786843209457398
1050043_A1_000964.png,34.77976976737612,0.9023189712581634,36.78430760639956,0.9527405617132186,37.36619106256025,0.9585246178121567
1050043_A1_000965.png,33.7107238753366,0.9021531494913101,33.73232788503958,0.922026189375639,34.98783465445826,0.9406509951162338
1050043_A2_000966.png,34.34849104358646,0.8761812745664119,34.9593933918148,0.9155531209552288,35.717436403461136,0.9224483060543537
1050043_A2_000967.png,32.62909915918502,0.8902660552042723,32.42266231232503,0.8964259397384002,33.474538781378264,0.9132535187325888
1050043_A3_000968.png,35.0926274790238,0.8972713576931953,37.719751551517874,0.9578062740192413,37.99734414195597,0.9597066666650772
1050043_A3_000969.png,34.33842578242437,0.8963275542263984,34.92228693756536,0.9334700435643196,35.860027595762965,0.94309877013731
1050043_B4_000970.png,34.50168800138687,0.8930096172971725,35.97534985844519,0.9425771736650467,36.978218197877176,0.9513483376846313
1050043_B4_000971.png,35.529203336779666,0.8991798882927895,37.768370113556024,0.9557690503311157,37.92024273796074,0.9560432430067063
1050043_B5_000972.png,34.82501766992704,0.9043917582557202,36.4750266272226,0.9490715930576324,37.02112954316656,0.9539721697702408
1050043_B5_000973.png,34.89734637190898,0.890823179661274,37.1890230207098,0.9517865851449966,37.600030006824895,0.954530877254486
1050043_C10_000982.png,35.03402605216083,0.914854610466957,37.14409609756325,0.9617734935207367,37.39095128048332,0.9638184360504151
1050043_C10_000983.png,35.06849094505738,0.882738074634552,38.02721308842453,0.962673917298317,38.65967621056532,0.9662546406087875
1050043_C11_000984.png,35.206874522460026,0.9046743610582352,37.571382860082096,0.9586551948451996,38.066145935221904,0.9614121331138611
1050043_C11_000985.png,36.11385805112293,0.8912722829847336,40.38169567550058,0.9727229546012879,40.66726421201794,0.9740882699546815
1050043_C12_000986.png,35.25964735220099,0.9113057727980614,37.58580841617123,0.9618400433292389,38.05273021758517,0.9649450533361434
1050043_C12_000987.png,35.27041232586404,0.8886128166947365,38.784329367437834,0.9678122211713791,39.099241379374796,0.9695564819087982
1050043_C6_000974.png,35.76935429123745,0.9043666469016075,38.34120376758837,0.9601947902231216,38.422599869228364,0.9607141389408111
1050043_C6_000975.png,34.82675650209061,0.8884421291542053,36.6666322244033,0.9481806826705933,37.79824043409405,0.9578785687494278
1050043_C7_000976.png,35.09678491689012,0.907937034977436,37.71516638030283,0.9623711525802612,38.20739862710215,0.9656997770843506
1050043_C7_000977.png,34.655992747118376,0.9073667111153603,36.248654204270984,0.9529911650290489,36.86475538677505,0.9593563997497558
1050043_C8_000978.png,35.39219405755237,0.8948954869775773,37.89444813396994,0.9596153025636673,38.394230000016705,0.9623079852495193
1050043_C8_000979.png,35.20113061449233,0.8946692825174332,37.92626965111976,0.9611415762043,38.758784604274155,0.9661313332586289
1050043_C9_000980.png,34.94996508523951,0.8861297089252472,37.883272671434995,0.9628247722377777,38.49896013163598,0.9662781264486313
1050043_C9_000981.png,35.02243654388741,0.8964209065074921,37.60291035239855,0.9611422066316605,38.44376448486959,0.9668810210380554
1050043_D13_000988.png,35.07223612711889,0.9087956768670082,37.700047384431514,0.9634602242803574,38.10968259337553,0.9666269469604493
1050043_D13_000989.png,35.22117863056113,0.8901185241932869,38.52021854511881,0.9630335784902573,39.156121979571154,0.9668870856027603
1050043_D14_000990.png,35.17837923013742,0.8948674345107078,38.28830865924628,0.9651134168262482,38.80394674950096,0.9679948981761932
1050043_D14_000991.png,35.2367357535817,0.8873097939562797,38.527269803211425,0.9666472889499664,38.96915711769991,0.9687805620651245
1050043_D15_000992.png,35.32827910307828,0.8889080062885284,38.876180881460705,0.9692176022043228,39.219620345056974,0.9715540324048996
1050043_D15_000993.png,35.21709975580443,0.8826061467556954,38.79028780332104,0.9658226603031158,39.41850361587178,0.9697336001701355
1050043_E16_000994.png,35.364548490014045,0.8853467279801369,39.18734953006507,0.968923857969284,40.03533217239511,0.9736854402866364
1050043_E16_000995.png,35.358646814726164,0.9049909321227073,38.70273268326556,0.9708080219392776,39.42942770680427,0.9764302379169464
1050043_E17_000996.png,35.29306706637213,0.8961882438411712,38.73446278748757,0.9690756400327682,39.28468329458448,0.972316798488617
1050043_E17_000997.png,35.325323937732506,0.8961328640694618,38.971914802479574,0.9698820922765732,39.39487446108991,0.9726424067106247
1050043_E18_000998.png,36.42768222182153,0.9063305812931061,41.11890791984723,0.9791875361557006,41.21391660971754,0.9800706949987411
1050043_E18_000999.png,35.95841085379875,0.9090848438425064,39.97932920229794,0.9760944618663788,40.30624339473434,0.9774945992164612
1050043_F19_001000.png,35.04691507779124,0.8904309419269562,39.05084551145775,0.9708797354526519,39.748919783896625,0.9757965960741043
1050043_F19_001001.png,35.2641533508496,0.8795790662822723,39.52205264144035,0.9723220868377686,40.37310266711616,0.9772679151029586
1050043_F20_001002.png,35.842643379522016,0.8963518295135499,39.788760003827385,0.973068755897522,40.28134873183187,0.9764113392391205
1050043_F20_001003.png,35.36204402233558,0.881447254421711,39.800589748160704,0.9768937234277725,40.56417077318032,0.9806781679363251
1050043_G21_001004.png,35.26624371810426,0.894449949119091,39.28635178614711,0.972948951388359,40.17325496314922,0.9784410587100982
1050043_G21_001005.png,35.18179969967701,0.886090284307003,39.639783854095384,0.9747314912052154,40.50253558555578,0.9799078171367646
1050043_G22_001006.png,35.55523624294289,0.8773597857151032,40.296576188430706,0.9774547916593551,40.95529147418154,0.9809210533885956
1050043_G22_001007.png,35.267488650928726,0.889807227748394,39.48343494997101,0.973176835603714,40.30497491781189,0.978151133608818
1050043_X_001008.png,35.52675832349593,0.8929830107913017,38.03607390772963,0.9573213388500214,38.13873675905265,0.9577629159650802
1050043_X_001009.png,35.329951854974595,0.8803914547855854,37.87905572864111,0.9543044504270554,38.27436811218435,0.9572366863107681
1050192_A1_000414.png,33.674390120148736,0.8848653573898076,33.77946922548886,0.9110116310104132,34.23450683925669,0.9147995962875187
1050192_A1_000415.png,34.74770511138062,0.9078234928445816,35.538633936650974,0.946426023611784,36.40201740225149,0.9531997566390038
1050192_A2_000416.png,35.573130260118035,0.9166369180235863,37.04750395031473,0.9619122190384864,37.68621917981319,0.9656982464017868
1050192_A2_000417.png,34.805710809541935,0.8830340905537605,36.27680003538309,0.9442224507098198,36.685229152067166,0.9484397973353863
1050192_A3_000418.png,35.63710901789256,0.9056645099506379,38.164258790845345,0.9605888878498078,38.68375489118152,0.9633910170879364
1050192_A3_000419.png,34.85739184305091,0.8950456449084282,36.24008751946895,0.9413445160312652,36.83955850431673,0.9468580565853119
1050192_B4_000420.png,35.28876874106976,0.8809520434060096,37.40420604260675,0.9463782879891396,37.85068241817393,0.9484197691812515
1050192_B4_000421.png,35.072945093525746,0.8757937376661301,37.32391960676534,0.9491112136478425,37.886234673860685,0.9540756640911102
1050192_B5_000422.png,34.733526481626534,0.8812802973384857,35.92346236565143,0.9319274201292992,36.38363934411317,0.937131405330658
1050192_B5_000423.png,34.98771996609003,0.8752274326629639,37.85101776792262,0.9549729155254364,38.45010059688572,0.9595110166416169
1050192_C10_000432.png,34.97408766842789,0.8768216209077835,38.07612704008597,0.9594960959987641,38.55659091590481,0.962559208018303
1050192_C10_000433.png,35.02048374474191,0.9009287637181282,37.54814169817969,0.9602591390638352,38.02125768969256,0.9637433251609803
1050192_C11_000434.png,35.656346250729165,0.8890900200610161,39.057042058962864,0.9613372939405441,39.28458835319005,0.9622439353332519
1050192_C11_000435.png,34.79112134431608,0.8864257196974754,36.80764573806402,0.9475198827550412,37.59869892447183,0.9540186438736915
1050192_C12_000436.png,35.18557168233872,0.8788571273555755,38.0940091687506,0.958813301361084,38.892521220173045,0.9643259607133865
1050192_C12_000437.png,36.48429560535803,0.9182319427113533,40.65799300401515,0.9781979106721878,41.295229296065166,0.9812607786054611
1050192_C6_000424.png,34.27871203378237,0.8860024189829826,35.28122921168326,0.9347434155669212,35.97206726081245,0.9403562375798226
1050192_C6_000425.png,36.505331533121826,0.912770144695282,41.06792785555483,0.9786486415958404,41.47257140237216,0.9797745977783203
1050192_C7_000426.png,35.46775049142471,0.897582124092102,37.55847463675893,0.9530459110908508,38.01178879246875,0.9566125996103286
1050192_C7_000427.png,35.413600447274106,0.8936293583312035,37.4786248083402,0.9502177948851586,37.98365231911055,0.95431891426754
1050192_C8_000428.png,35.98434280015984,0.8935481158075332,39.41199246146796,0.9650625263910294,39.856124447807346,0.9674116737251282
1050192_C8_000429.png,35.64403974231501,0.891978235514164,39.476148221475015,0.9701134467134476,40.046494101083624,0.9730481835069656
1050192_C9_000430.png,35.768214770858656,0.8889003179278374,38.97292847357867,0.9636549910001755,39.17672990746632,0.9651083337860108
1050192_C9_000431.png,35.29000863813222,0.8803972652611732,39.111126010463245,0.9666742871074676,39.600444634366724,0.9682185385627746
1050192_D13_000438.png,35.38216253018446,0.8988014969673157,37.85697435789166,0.9584681712741852,38.39235745389129,0.9622961072502136
1050192_D13_000439.png,35.54173071080688,0.8961569334688186,38.95277477169168,0.9673996016988754,39.17612288570011,0.9688850577011109
1050192_D14_000440.png,36.56716806207697,0.9106135388031006,41.55708565410401,0.9794488833274841,42.24586435313629,0.9822029332942963
1050192_D14_000441.png,35.56655648070267,0.8903318365020751,38.52517944381064,0.9609782604780197,39.13079523958104,0.9649372187952995
1050192_D15_000442.png,35.58593029876518,0.884667420706749,39.162386628189935,0.9658673821496964,39.46053109105699,0.9673307508859634
1050192_D15_000443.png,35.562608522037145,0.8875345907349587,39.2639021305965,0.9691253153533935,39.67332460595746,0.9713132887563706
1050192_E16_000444.png,35.61566756469974,0.8881448465452194,39.37238760100661,0.9700838973560333,39.93122589791031,0.9731238642177582
1050192_E16_000445.png,35.82118399729331,0.8855458020839692,40.339869541671476,0.9737052904996872,40.769724106969434,0.9758190565738678
1050192_E17_000446.png,36.20575221408164,0.9033887291502952,40.58929849939147,0.9751287613363266,40.98328019194513,0.9766538725986481
1050192_E17_000447.png,35.73369413122279,0.8814134175424576,40.153657239442595,0.9722354566431045,40.482775845300296,0.9734562005596161
1050192_E18_000448.png,35.564362930843096,0.8662638988823891,40.92963997425499,0.9771528829889298,41.57168120248397,0.9796299775543212
1050192_E18_000449.png,36.52895105953846,0.9005298855051994,41.75954605191368,0.9795234257068633,41.766596755384775,0.980931252858162
1050192_F19_000450.png,36.63404703685678,0.9024419131259919,42.550869533206836,0.9828013236656189,42.86114328164121,0.9840402584981919
1050192_F19_000451.png,35.24426935916894,0.8936417074723244,38.665428618212445,0.9669110197496414,39.01347003890076,0.9692306309537888
1050192_F20_000452.png,35.326781810754795,0.8716240058898925,39.88533642080833,0.9717496656723023,40.7008343435441,0.9762496426391601
1050192_F20_000453.png,35.512328492560236,0.8653866990909577,40.63700697392818,0.9771787612657546,41.2683011742346,0.9790987688074112
1050192_G21_000454.png,35.4329368912417,0.8732445275950432,40.59600340109289,0.9773027497978211,41.29032956463833,0.980825261721611
1050192_G21_000455.png,35.697460043947466,0.8938883839764595,40.527975464779644,0.9774879687986374,41.260787865718925,0.9813820950889588
1050192_G22_000456.png,35.893079607702376,0.8805552335910797,41.1931434588955,0.9802235212078094,41.60744993490962,0.9821944891462326
1050192_G22_000457.png,36.18526486382516,0.8855180738687515,41.71227738935813,0.9812203380270005,42.03913649641383,0.9826678695774078
1050192_X_000458.png,36.370569487262955,0.8985822695989609,40.74835008556227,0.9732406249961854,40.927784879570495,0.9741176281795502
1050192_Y_000459.png,35.63287334015891,0.8846741484847068,40.63793940130356,0.9772731697778702,41.487617307542024,0.9824456884040833
1050303_1_A1_001334.png,34.05558615641871,0.9134134288141728,34.58533675902735,0.9322256842150688,35.08604233940442,0.9375439821343422
1050303_1_A1_001335.png,35.82103847912236,0.9115084397130012,38.49467775829957,0.9635068580770493,38.38688519834288,0.9617433033895493
1050303_1_A2_001336.png,34.37881078650357,0.9116494046652317,34.92213790902453,0.935484495391488,35.53118311678065,0.9405160029284954
1050303_1_A2_001337.png,34.416185500216535,0.8940689321856499,35.379000457594636,0.9365191020135879,36.00615117251465,0.9406097292261124
1050303_1_A3_001338.png,35.31557476203475,0.9074970483751297,37.10540299389873,0.9505294495015144,37.1799897115669,0.948324107175827
1050303_1_A3_001339.png,35.03212591424578,0.8970427852525711,36.11528413952381,0.9251739010229111,36.27183427269123,0.9243487243528367
1050303_1_B4_001340.png,35.05308572776711,0.9085039409284592,36.55897303389357,0.9507916955947876,37.00774382590203,0.9528263453626633
1050303_1_B4_001341.png,35.045520449791496,0.9103937466259002,36.69480705095174,0.9522025850949287,37.51760628247086,0.9600887525558471
1050303_1_B5_001342.png,35.83950767022189,0.9158350000491142,39.10197533597074,0.9713516640863419,39.326459060458234,0.9728634214744568
1050303_1_B5_001343.png,34.97893175453234,0.8986404927401542,36.5807432263293,0.9424342561893463,37.11757670839227,0.9467403655939102
1050303_1_C10_001352.png,36.16760851463746,0.8992504073452949,39.89656665100374,0.9680965897779464,39.60309471509271,0.9657461363048554
1050303_1_C10_001353.png,35.52881291809285,0.9001391605658531,38.988821550896795,0.9680014190855026,39.51800990710303,0.972624694355011
1050303_1_C11_001354.png,35.820601792221154,0.906537850405693,38.838299051796916,0.9643295496015549,38.672014148904054,0.9626318496761322
1050303_1_C11_001355.png,36.12698122162617,0.9107480689921379,38.90698134463476,0.9682698900566101,39.158892081513045,0.9695877167253494
1050303_1_C12_001356.png,35.71665047106049,0.9022482771592141,38.929288050623015,0.9685401178951264,38.889521247147734,0.9684917119092942
1050303_1_C12_001357.png,36.05081945444439,0.9121271281170845,39.15571931458494,0.9679462957997322,39.389027211636815,0.9684996686682701
1050303_1_C6_001344.png,35.13089701314864,0.8927665428295135,36.672184583672575,0.9354376910276413,36.73247314628438,0.9344313262243271
1050303_1_C6_001345.png,35.60185928830655,0.910619175696373,37.89530792062604,0.9605001969614029,38.1168966018041,0.9625757298288345
1050303_1_C7_001346.png,35.199864044388576,0.9087779518971443,37.04816480042946,0.9531929322490692,37.22764822277591,0.9532795488834381
1050303_1_C7_001347.png,35.420238724754746,0.9082727464423179,38.541035106896295,0.9694880861339569,39.05420486151528,0.9729373662128449
1050303_1_C8_001348.png,36.13780892805189,0.9114098274722099,39.09309194248476,0.9672670898523331,38.98691674617025,0.965619056183815
1050303_1_C8_001349.png,35.582584032224005,0.9143286998090744,38.750047982028704,0.971287776629448,39.27911154336746,0.9745292417030335
1050303_1_C9_001350.png,35.367406899718056,0.8964236308979988,38.18269575265532,0.9608560807161332,38.26785227957639,0.9608075468263626
1050303_1_C9_001351.png,35.199952893507344,0.8974607976703644,38.046148412214876,0.9616343578290939,38.58735532979098,0.9656782808084488
1050303_1_D13_001358.png,35.4911550433531,0.8853037839779854,38.67420655297235,0.9611524321174622,38.696116059503815,0.9612182491397858
1050303_1_D13_001359.png,36.41402150611874,0.914531086584568,41.03433073227974,0.9806872087821961,41.500685099349255,0.9818565338516235
1050303_1_D14_001360.png,36.06027674344,0.902321552634716,40.0815864027452,0.9738344728164673,40.278620332641566,0.9744721823358535
1050303_1_D14_001361.png,35.53009580239062,0.8994545419254303,38.48689507790928,0.9647945640735627,38.57797246498644,0.9656316351127624
1050303_1_D15_001362.png,35.56326497630706,0.8901195380001068,38.991705283876726,0.9672623251314163,39.44214540221977,0.9699305899600983
1050303_1_D15_001363.png,36.30057345860795,0.8983778348450661,40.85115229671203,0.97543578083992,40.73875929108893,0.9753406858415604
1050303_1_E16_001364.png,35.63855074392612,0.8926368642435074,39.49342694231707,0.9730601923856735,40.09728486681004,0.978370728805542
1050303_1_E16_001365.png,35.35093104134988,0.8969711910381317,38.71088226150977,0.9665339623651504,38.87612572910177,0.9666467757034302
1050303_1_E17_001366.png,35.98132406945419,0.9152303881020546,39.616835458141516,0.9762242595701217,40.371226142107176,0.9802092333440781
1050303_1_E17_001367.png,35.40610177172381,0.88168181061697,39.242672032008315,0.9701712210426331,39.568733252700916,0.9723130446434021
1050303_1_E18_001368.png,35.606746894393424,0.9001901965603828,39.46145806299389,0.9744862046823501,39.96398998577179,0.9773778463020325
1050303_1_E18_001369.png,35.653039967563565,0.90698014827919,38.88143916334313,0.9704215374917984,39.29519744692257,0.9731468062219619
1050303_1_F19_001370.png,36.39524440691463,0.9051116133480072,41.30137204594725,0.9800438275623321,41.75893473989631,0.9821781383886338
1050303_1_F19_001371.png,35.44596518703942,0.8884179044816494,39.553120313846776,0.9734163833475112,40.046113090806756,0.9767255096187591
1050303_1_F20_001372.png,35.780064470961115,0.8930074551563263,40.08506668497241,0.9769468652448654,40.43063047888743,0.978853561378479
1050303_1_F20_001373.png,35.31725878650002,0.8889649864649772,39.13960560558861,0.972404474492073,39.64956894111822,0.9752124475994111
1050303_1_G21_001374.png,36.32838892749365,0.914895294704914,40.912467958234735,0.9820136983814239,41.66071971164812,0.9849272391328812
1050303_1_G21_001375.png,35.53575161369341,0.8979938960165977,39.577702314738325,0.9739869220657349,40.603643286131216,0.9809940811891555
1050303_1_G22_001376.png,36.08348733113502,0.9050115598120689,40.63667661877457,0.9793197503185272,41.40410751549243,0.9832717042455673
1050303_1_G22_001377.png,35.579391749329005,0.9091331037626267,39.75991820472781,0.9764322128973008,40.66079222699961,0.9815231079025268
1050303_1_X_001378.png,35.50300558820712,0.9139865930893422,38.0033761170392,0.9659151654520035,38.35047168895832,0.9679805884342194
1050303_1_Y_001379.png,35.56691979370634,0.8935115118298531,39.815693560083616,0.9745595721778869,40.24326392249799,0.9772378344058991
1050342_A1_001518.png,35.447260856754454,0.8993979498057365,37.21645622314332,0.9503111482024192,37.61349219531236,0.9540380343260765
1050342_A1_001519.png,34.72026964774196,0.8768022987499237,36.66520396555057,0.9487853634400367,37.51759491688952,0.9562814292860031
1050342_A2_001520.png,35.49405641313382,0.9108195314016342,37.044127923386526,0.9628461156687736,37.64954912987773,0.9670065963582992
1050342_A2_001521.png,36.047621070851974,0.8902005413336754,39.51853026812318,0.9695159993064404,39.9557406056511,0.9727039266061783
1050342_A3_001522.png,36.04986586887069,0.8877178672819137,40.1277193582131,0.9678348330335617,40.27970709983354,0.9694317384719848
1050342_A3_001523.png,36.013077594959114,0.8982032409701347,39.5215596298687,0.9708562112545968,39.938323513787196,0.973386795575142
1050342_B4_001524.png,36.213480611637756,0.9146921247491836,38.98527045861778,0.972353084066391,39.70158525810558,0.9769165299329757
1050342_B4_001525.png,35.262058027817815,0.8697645424933433,38.29590159884445,0.9529737219524383,38.92271446369242,0.9605422435646057
1050342_B5_001526.png,36.62514153668327,0.8986735216884613,40.92262697658927,0.9786250603876114,41.233801237124666,0.9805771590662002
1050342_B5_001527.png,36.26857079454895,0.9008079170742035,40.92651054554585,0.9776533428163529,41.20308060168753,0.9799823753290177
1050342_C10_001536.png,36.38374864650984,0.8892064517793655,41.61220385433743,0.9814315537481308,42.04922031960378,0.9846840824756622
1050342_C10_001537.png,36.04892693749378,0.8997421377649307,39.96006036135486,0.9733069107646942,40.20815066261914,0.97503762392807
1050342_C11_001538.png,36.08378027056696,0.8972732186455726,40.16446087112364,0.9727636537799835,40.710497374634556,0.9769260770959854
1050342_C11_001539.png,36.65612823094496,0.9034851721539497,42.26446662142574,0.9845356771707535,42.37651787125826,0.9862307406234742
1050342_C12_001540.png,35.67573529865857,0.8795814047803879,39.69499704772278,0.9696395824708939,40.11710062552559,0.9722725544719696
1050342_C12_001541.png,36.24321437320226,0.8968939372787476,40.52780299912784,0.9756746587934494,40.88839290177002,0.9785773153381347
1050342_C6_001528.png,35.87651351784719,0.9092289928975106,39.012065368151184,0.9696721537122727,39.67584923656964,0.974385009180069
1050342_C6_001529.png,35.66401064090546,0.9056934138789177,37.98054624127257,0.9616563398637772,38.978386219680694,0.9689559564371109
1050342_C7_001530.png,35.53733596717915,0.9038340635557175,38.44712752357208,0.9685854064273834,39.26813657906071,0.9742791858949661
1050342_C7_001531.png,35.79973413043271,0.8946576301989555,39.192009066061175,0.9696421483058929,39.66127969701957,0.9736770639019012
1050342_C8_001532.png,36.01367693657214,0.8962835845518112,40.16325459517192,0.9752281842870713,40.69206473165552,0.9783678421096802
1050342_C8_001533.png,35.8121504188036,0.9036471224527359,39.15415888200525,0.9706050891180038,39.47739508304646,0.9737492521657943
1050342_C9_001534.png,36.391187105028976,0.8926326921520233,40.38700669850095,0.9720272161717415,40.70689829518286,0.9754679892129898
1050342_C9_001535.png,35.471625182901484,0.8886386419687271,39.208743396359225,0.9690879355707168,39.68753643982979,0.9718735006141662
1050342_D13_001542.png,36.08811131204334,0.9001005202293396,40.543170434848086,0.9783105475921631,41.11960684608942,0.9817672613496781
1050342_D13_001543.png,35.542616645899066,0.8873239520363808,39.44357085426265,0.9699197993011475,40.200416798388396,0.9741465043373108
1050342_D14_001544.png,35.682026265981015,0.87448245966959,40.0499464507126,0.9704753537607193,40.34746952637001,0.9724715112247467
1050342_D14_001545.png,35.49839902086014,0.8589287637205124,40.07869023116008,0.9701031903219223,40.67424559614061,0.9733543413581848
1050342_D15_001546.png,36.13830766757486,0.9071677929902077,40.34948986713801,0.9761121670837403,40.95430070673952,0.9800918290109635
1050342_D15_001547.png,35.614568137588655,0.8800571960220337,39.738294559067626,0.9691213017921447,40.30840920554877,0.9727220355319977
1050342_E16_001548.png,36.46681230802248,0.9026390648880005,41.822332751875294,0.9826306286439895,42.29475011930311,0.985314174038887
1050342_E16_001549.png,35.85408295215829,0.902669757036686,39.67413761881912,0.9737088831624985,40.079323191557876,0.9762044986104965
1050342_E17_001550.png,36.192981975327235,0.8879508767056465,41.202838714107834,0.9797679543190002,41.69587672126675,0.982929915719986
1050342_E17_001551.png,35.340041369571125,0.8625892126550675,40.136260634375,0.9693307776184082,40.7908004857328,0.9728179782009124
1050342_E18_001552.png,36.19642393098127,0.8919867062444687,41.58339043651846,0.982946041343689,41.95760096914259,0.98522581316185
1050342_E18_001553.png,36.436298756442675,0.8961523540096283,42.28982632999128,0.9837365430383682,42.87076467146862,0.9863622150278092
1050342_F19_001554.png,36.359964932491906,0.8917691245670318,41.72643433068658,0.9811486828184128,42.03110890026036,0.9834519517326354
1050342_F19_001555.png,36.28911737924876,0.8901510505695343,41.45995863804589,0.9811657253084183,41.94659455780311,0.9839776355295181
1050342_F20_001556.png,36.430441207408094,0.8965429746599197,41.680843132140666,0.9824283311491012,42.15541808260503,0.9857243095912933
1050342_F20_001557.png,36.298863487610966,0.8917052827253341,41.70422767782299,0.9820144751691818,42.23543327195172,0.9851328731918335
1050342_G21_001558.png,36.13349896369242,0.8866306200637818,41.888684484642695,0.9833305517921448,42.221337326138546,0.9850123434867859
1050342_G21_001559.png,35.225941020530726,0.8548570949044227,40.554653790378566,0.9756952068338394,41.49235701065945,0.980405184384346
1050342_G22_001560.png,35.63224819835981,0.8666093821258545,41.119092596844396,0.9797875134534836,41.7174502560771,0.9829687049541473
1050342_G22_001561.png,35.63936575598692,0.868777897005558,41.23372006479712,0.9797873421840668,42.013331836044514,0.9836915738983154
1050342_X_001562.png,36.52405661783498,0.9034955159339905,41.6387565881631,0.9818661373662949,42.08552320340205,0.9844895963916779
1050342_Y_001563.png,36.058648688941936,0.8899657426300048,41.65719578456329,0.9819186188488006,42.065095251721814,0.9842492276668549
1050461_A1_001839.png,34.606415927767145,0.8641815942807197,36.571801936226976,0.9406053932201862,37.37132891672171,0.9464045861635209
1050461_A1_001840.png,34.90023297745733,0.8878685766043664,37.33287698539429,0.9495311086993218,37.87140811680188,0.9545593385009765
1050461_A2_001841.png,34.87253699840428,0.8505362963359356,38.395335625923096,0.948074505821228,39.1905117333104,0.9541386598000526
1050461_A2_001842.png,35.12299289497896,0.8897011142659187,38.18979024087739,0.960913839345932,38.59817542152173,0.9634263978366852
1050461_A3_001843.png,34.677422025213325,0.8763257255673409,37.252094331949664,0.9519763778772354,38.064840287448376,0.9585561052379609
1050461_A3_001844.png,34.929188134866884,0.8760720722465515,37.770852015772476,0.9555682012887001,38.528199132770794,0.9612164218187332
1050461_B4_001845.png,34.85499544349081,0.8904639227428436,37.366018714707096,0.9569234163408279,38.27188916843225,0.963727831990242
1050461_B4_001846.png,35.05692680030725,0.8949605402007103,37.665451352074555,0.9558774844322204,38.16607531556431,0.9598702461376191
1050461_B5_001847.png,35.41407747078517,0.854742445725441,39.38619499663504,0.9650863651294709,39.97401783710793,0.9681345588397979
1050461_B5_001848.png,34.90878330145959,0.8930526068706512,37.33546396351289,0.9545096308174134,37.90764719191784,0.9588826960992813
1050461_C10_001857.png,35.33161715294971,0.8757169686212539,39.32301342035137,0.9653384567508697,40.236134776005265,0.9717888825235367
1050461_C10_001858.png,35.23735549397295,0.8681355998001099,39.08394636198312,0.965404994726181,40.04917336300437,0.9717995420398712
1050461_C11_001859.png,35.182501535405414,0.8715717166056633,39.06990562893661,0.965268314827919,39.797427526318295,0.9690155609226226
1050461_C11_001860.png,35.07105791853395,0.8770056424865723,38.46996693386929,0.961509163942337,39.023640346688175,0.9656511364593506
1050461_C12_001861.png,35.42409030809869,0.8687125116739273,39.42123229879688,0.9677825048551559,40.11216177496101,0.9712627293157577
1050461_C12_001862.png,35.165610644257335,0.8740683554830551,38.580918976736136,0.9653659108362198,39.31788880423264,0.9689772606534958
1050461_C6_001849.png,34.638078034823955,0.8926554601912499,36.96415342306514,0.9583239274511337,38.33016515550986,0.9652711940717698
1050461_C6_001850.png,35.49400958238329,0.8726231484799385,39.45761576579752,0.9674949879045487,39.9196953648491,0.9694470566768646
1050461_C7_001851.png,35.040911830770874,0.8736184039201736,38.24676352430893,0.9580452825813294,38.73843223125869,0.9609174594926834
1050461_C7_001852.png,35.10315715237211,0.8673642409973145,39.16938392995403,0.9677897123641968,39.91123977753283,0.971667791021347
1050461_C8_001853.png,35.14605978405483,0.8678064336881638,39.05540177550162,0.9640053814592362,39.65443188042081,0.9670310295305252
1050461_C8_001854.png,35.09332667557887,0.8770140463757515,38.85574973521283,0.9644822827529907,39.63348508104535,0.9702524677257538
1050461_C9_001855.png,35.27701256106201,0.8648593416433334,39.572158254846386,0.9684215388059616,40.1730642165939,0.9717378093595505
1050461_C9_001856.png,35.22898991231615,0.8662199829926491,39.664174617896656,0.9730681983957291,40.47242368590746,0.9775219376888276
1050461_D13_001863.png,35.25359171034316,0.8646163416872025,39.71267453141465,0.9714248583173751,40.65483983718072,0.9756297382678986
1050461_D13_001864.png,35.36136592040134,0.8589759321584701,40.10510847741401,0.9733324795417786,40.69255483496336,0.975803565337181
1050461_D14_001865.png,35.120459001672835,0.8808909669184685,39.24259507445623,0.9677929709043502,39.89082863421271,0.9714449325551987
1050461_D14_001866.png,35.28300547141134,0.8886167171783447,39.30014815293257,0.9695822639694214,40.21272882305919,0.974947532866478
1050461_D15_001867.png,35.48268044174066,0.8693887573165894,39.70533585424545,0.9706131550216675,40.442586821464,0.9734774969615936
1050461_D15_001868.png,35.28905031416928,0.8613302432427407,39.60391345352816,0.9727052811279296,40.40116773865843,0.9762054192123413
1050461_E16_001869.png,35.40366233799759,0.8648363800868988,39.93440694826613,0.9722418157320023,40.816171153242195,0.9763684487686157
1050461_E16_001870.png,35.2108539581557,0.8856831690626145,39.14662477050767,0.9692324560031891,40.08206395091216,0.9752119424285889
1050461_E17_001871.png,35.20166493032094,0.8722322171077729,39.61983174623899,0.9727610656881333,40.28555868452833,0.9757630634059906
1050461_E17_001872.png,35.36162751393182,0.8704088203749657,39.88127866122166,0.9734455867977142,40.64411720888833,0.9769327361383439
1050461_E18_001873.png,35.140458668461626,0.8834158779859543,39.468936828591616,0.973215829670906,40.41102607625919,0.9788013793373108
1050461_E18_001874.png,35.30340308520384,0.8779217693264484,39.9411677547166,0.9731792224988938,40.70866132935343,0.9778976100997925
1050461_F19_001875.png,35.5270933547439,0.8922382958669662,39.671462850631805,0.9739352381763459,40.412314609349494,0.9782792074222565
1050461_F19_001876.png,35.36937685059061,0.8643145388531684,40.47134455755307,0.9762118609561921,41.12410643281426,0.9787980511713028
1050461_F20_001877.png,35.554006094927836,0.8815724987034798,40.04654572564958,0.9761959545412063,40.851363070709354,0.9808873218736649
1050461_F20_001878.png,35.43224276091574,0.869595413131237,40.4881777698838,0.9776922072696685,41.348951851283786,0.9814833374357224
1050461_G21_001879.png,35.212271853355894,0.8569053089809417,40.546544130571164,0.9772158990421295,41.73742835203575,0.9825983573799133
1050461_G21_001880.png,35.33233847140477,0.8628561731395722,40.6292017915656,0.9778371899309158,41.72308394978222,0.9824738898391724
1050461_G22_001881.png,35.37522656478216,0.8570259395489692,41.081424053988144,0.9797667838401795,41.84565193138587,0.9830926920642853
1050461_G22_001882.png,35.44511269887715,0.8569490369777679,41.02900629238295,0.9813964030218124,41.95413161278878,0.9845672659864426
1050461_X_001883.png,35.0350345781106,0.8668326063556672,38.565759412651644,0.9563870725107193,39.26438393969017,0.962317843249321
1050461_Y_001884.png,35.36441472399855,0.8594902142896652,40.78400774064251,0.980036361246109,41.88885768371105,0.9842605014343262
1051612_A1_001931.png,33.92907884582808,0.8246822007508278,36.10034452769473,0.8966290159549714,36.445054275699206,0.9002229281182289
1051612_A1_001932.png,34.14617809908991,0.8471210514888764,36.17623803954503,0.9137511865935326,36.43255799543092,0.9165308309631348
1051612_A2_001933.png,35.116246068387326,0.89852841664505,37.31540876181842,0.9498608208487034,37.71064612309821,0.9528340711407661
1051612_A2_001934.png,34.70264440901786,0.8691880847821236,36.86217176107556,0.9327042811555862,37.23938723111821,0.9343659724698067
1051612_A3_001935.png,35.712706251124395,0.8920400653214454,39.058206737732604,0.9597635908660889,39.38993022032128,0.961026702026844
1051612_A3_001936.png,34.58652538654333,0.8590982616209983,36.97263659802402,0.9371349481506348,36.902213033361974,0.9387299639534951
1051612_B4_001937.png,34.746558975173436,0.8642351374340057,37.06315780357961,0.9266023647184372,37.317518499765626,0.9286796114478111
1051612_B4_001938.png,34.95046462664498,0.8746045946202278,37.270515840428196,0.942854049382925,37.4404983452419,0.9438803623080254
1051612_B5_001939.png,35.20212469786784,0.8739635628676414,37.95996308019826,0.9436159408359528,38.20499801381841,0.9454152056779861
1051612_B5_001940.png,35.85795889173116,0.9042451265711784,38.864128525531235,0.9622408767619133,39.40429088935843,0.967275644048214
1051612_C10_001949.png,34.953339602376886,0.8851276779232025,37.54056292485311,0.945389158443451,37.81858120300511,0.948578099070549
1051612_C10_001950.png,36.069729133217244,0.9077373959875107,39.93312204564348,0.9701367560873032,40.405987717828566,0.9725358671827317
1051612_C11_001951.png,34.975098231786646,0.8715894264769554,37.701649899913534,0.9395120487422943,37.91134381580344,0.9426093583602905
1051612_C11_001952.png,34.698104589891116,0.8840732001576423,37.2643287415686,0.9389830687532424,37.82201774558879,0.9452329818315506
1051612_C12_001953.png,34.965357994125974,0.8676503374371528,37.931184755337085,0.9381525876970291,38.240669467529266,0.9408159760437012
1051612_C12_001954.png,34.797533350476385,0.8468984353437423,37.616140252031215,0.9242026754255295,37.95294164451026,0.9267607959575653
1051612_C6_001941.png,35.236920915290206,0.8895655608458519,37.946039060539626,0.9455207288050651,38.2974229973708,0.9483704712967873
1051612_C6_001942.png,35.177571106758435,0.8792167097024918,37.86118219312519,0.9397092077274323,38.21173083521947,0.9425440280675889
1051612_C7_001943.png,35.039461545675636,0.8707412345314026,37.577405223452004,0.9376449094758034,37.93355228146509,0.9408992612814904
1051612_C7_001944.png,34.82704944331721,0.8833595988149643,37.131921796056474,0.9351659045219421,37.305648780487765,0.9370520608329773
1051612_C8_001945.png,34.88543656722218,0.8562493675818443,38.02206559218822,0.9429453973760605,38.48981645331874,0.9468941975421905
1051612_C8_001946.png,34.95126733929794,0.8741787755320072,37.69042622006381,0.9382084677000045,37.73421335997445,0.9383492547006607
1051612_C9_001947.png,35.107191941469495,0.8722959590287208,37.83614372192151,0.939120524690628,37.97391953036623,0.9404519313869476
1051612_C9_001948.png,35.02675067693579,0.8872002291469574,37.676138970488886,0.9455711758794785,38.08383601608184,0.9493734372978211
1051612_D13_001955.png,35.71114856260144,0.9158210964946747,39.43425658315742,0.9732914885559082,40.233445347894154,0.9765856504144669
1051612_D13_001956.png,36.273846423015314,0.9176173454308509,40.39911134248207,0.9758963171482086,40.87848798733778,0.9777283017520905
1051612_D14_001957.png,36.000093647208445,0.9029872183799743,39.53612492690911,0.9656475766077042,39.85339409495378,0.9677695028400422
1051612_D14_001958.png,35.40739945483152,0.8962650987844467,38.57820737914387,0.9581651400785446,38.97271106534272,0.9611505791244507
1051612_D15_001959.png,35.58596450464938,0.8862157669882774,38.904351425445796,0.9521131282758712,39.216394293655256,0.955280429599762
1051612_D15_001960.png,35.23516970144462,0.8695144021220207,38.45603868676132,0.9445520614295005,38.88330679043651,0.9494315397491455
1051612_E16_001961.png,36.21047257125548,0.9000822837891579,40.32860991579915,0.9648721957216263,40.40475709178583,0.965141460313797
1051612_E16_001962.png,35.00740698598966,0.8563306410441399,38.917087832462826,0.9486300632667541,39.319544043373625,0.9504609185667038
1051612_E17_001963.png,35.67849587146771,0.9047564354586601,39.29485983402604,0.9682260376825332,39.91605509951073,0.9721719792785645
1051612_E17_001964.png,35.39431235985336,0.8860123205499649,38.87222534236227,0.956153905078888,39.025178946469445,0.9579137668647766
1051612_E18_001965.png,35.32596236128957,0.8743171234650612,38.811102532353765,0.9498085847702027,39.18647065975758,0.951948348031044
1051612_E18_001966.png,35.60584390815164,0.873733085644722,39.592318870374086,0.9592983130960464,39.90991203027545,0.9618350891609192
1051612_F19_001967.png,35.10719628873977,0.8517192051634789,39.36365592843433,0.959107838807106,40.154903321222676,0.9636436945390702
1051612_F19_001968.png,35.27222269808834,0.8522003722777367,39.778821424702585,0.9578109650392532,40.27320151921562,0.9606001959371567
1051612_F20_001969.png,35.66833791102383,0.8959683163962364,39.34470204789886,0.9663607279863358,39.4868114198822,0.9672835557546615
1051612_F20_001970.png,35.458675834932706,0.8654621019816399,39.86056312169022,0.9662551485767364,40.70825349437021,0.9701547371025085
1051612_G21_001971.png,35.173699149081,0.8663225260624886,40.10066278768426,0.9716411636772155,40.93219079054954,0.9775558864612579
1051612_G21_001972.png,35.54201477626342,0.8784425764331818,40.132812548276334,0.9706264627342224,40.764920594058715,0.9743691296806335
1051612_G22_001973.png,35.27548541779226,0.8654089153401852,39.608911861662676,0.9632614786291123,40.27972891013397,0.9660276512937546
1051612_G22_001974.png,36.276799340373316,0.9028317048277855,40.78278717645972,0.9749136409950256,40.91206567990473,0.9768239405698776
1051612_X_001975.png,35.900754828949836,0.8933234901924133,39.10457839384029,0.9558881803693772,39.12906855219842,0.9560370117578506
1051612_Y_001976.png,35.64675112851919,0.8865407554502487,39.64483330938609,0.9645016815423966,39.90690853342712,0.9666685334262848
1051911_A1_000598.png,34.71532477636924,0.897458066806674,36.82827125326722,0.9515471009368897,37.00173577086027,0.9518487335765362
1051911_A1_000599.png,35.354341795569944,0.9049261222743988,38.04876205506451,0.9575024576940536,38.56258174355863,0.9605621080474853
1051911_A2_000600.png,35.76636256740838,0.9134095323352813,38.594819106058665,0.9657543735785484,38.864521276302725,0.9675023895835877
1051911_A2_000601.png,35.80433023983597,0.9221790499777794,38.34611744323106,0.969643992659092,38.864034741838914,0.9718163864326477
1051911_A3_000602.png,35.911670065690714,0.9076496354064941,39.228451059771444,0.9656803360147476,39.5103193470398,0.9672730223360062
1051911_A3_000603.png,35.19306727908615,0.8945644328627587,37.662231941212966,0.9486682630343437,37.91681621370386,0.9510797688279152
1051911_B4_000604.png,35.398979212443855,0.8812234572978019,38.824625098097286,0.9532446356506348,39.05941319423488,0.955451668838501
1051911_B4_000605.png,35.368163365313976,0.903366106133461,37.688612647510034,0.9514118317341804,37.78784259111331,0.9534484424848556
1051911_B5_000606.png,35.577270787133386,0.9084011983361244,38.27674571776663,0.9612073158717156,38.805812144880186,0.9662736302528382
1051911_B5_000607.png,35.39985290492589,0.9095162031254769,38.23311829867508,0.9603267061595917,38.6034257544308,0.9629550541658402
1051911_C10_000616.png,36.526939067134535,0.9174874529428482,40.661397767268085,0.9746606453428268,40.845601851320914,0.9754428118076325
1051911_C10_000617.png,36.352661556882325,0.9204566295995712,40.378458902395415,0.975863189866066,40.667050390737785,0.9769220144495964
1051911_C11_000618.png,36.000760164630364,0.916022534497261,38.93055475626686,0.9698364865579605,39.49456992375453,0.9728495868272782
1051911_C11_000619.png,35.250555369413675,0.9080278524551392,38.01329784463363,0.9595366928787231,38.567363975332,0.9628790875091553
1051911_C12_000620.png,35.49412658750118,0.8952289527168273,38.8458007363844,0.9581858371019364,39.12777637502324,0.959662945848465
1051911_C12_000621.png,35.64688174797375,0.9021204786047935,39.02587123014216,0.960434506108284,39.262268200390324,0.962138933514595
1051911_C6_000608.png,34.40664618654321,0.8941858235292435,36.23832146124934,0.9493170637091398,36.80137142986756,0.9537703758395314
1051911_C6_000609.png,35.403144446043946,0.8970858045964241,38.502525104669715,0.9560788596425056,38.83628737390875,0.9589001250534057
1051911_C7_000610.png,35.78694949797488,0.9082745470886231,39.11410043628067,0.9652777577209473,39.433469499328986,0.9668309192376137
1051911_C7_000611.png,35.553458428268584,0.9052970234184265,38.6987889488742,0.9621170211353302,39.063953855587705,0.9638994646148682
1051911_C8_000612.png,36.467980920774735,0.916330166867733,40.68185814730623,0.9748761350536347,40.96967733008806,0.9759634506711959
1051911_C8_000613.png,35.27997043232691,0.900906977042675,37.743477825498076,0.959269882941246,38.45916844467648,0.9634987248897553
1051911_C9_000614.png,35.164882884242985,0.8948834614739418,37.532483726174064,0.9503289827108383,38.03597689593103,0.952978684788704
1051911_C9_000615.png,35.53835018014069,0.9089064909100533,38.35819514405752,0.962917743221283,39.05748495895088,0.9649882301917077
1051911_D13_000622.png,36.26459927143878,0.9090761522188187,40.3869286100002,0.9713614446039199,40.74438048720178,0.9729732983779907
1051911_D13_000623.png,35.819505321768816,0.9000971147513389,39.49233890723745,0.9644787377996444,39.949782830998195,0.9671034726557731
1051911_D14_000624.png,36.306141865595286,0.9094317965583801,40.65914345897676,0.9747720927762985,41.08308461311185,0.9763819776744842
1051911_D14_000625.png,35.99630492448436,0.9126846023020744,39.6566631219977,0.9707005106554032,40.13833258006352,0.9733196128120423
1051911_D15_000626.png,35.872968868640015,0.8948126937451363,39.66832722747786,0.9622264383201599,40.25760148857203,0.9662334661026001
1051911_D15_000627.png,35.91848454023368,0.8985614876942635,39.90503378346496,0.9671287172298432,40.567456423744744,0.9712827368383408
1051911_E16_000628.png,36.163597328090425,0.9050249220757485,40.24523710618375,0.9705831792020798,40.55610145080558,0.9724596320772171
1051911_E16_000629.png,35.68158271972307,0.8979911099886895,39.74440139557558,0.9656495546140671,40.29569232119548,0.9687822886247635
1051911_E17_000630.png,35.69854980284632,0.8787750971035957,40.06089824308877,0.9610561051206589,40.24592732322634,0.9620169926815033
1051911_E17_000631.png,35.76822641366213,0.8764485667853356,40.113573918993424,0.9608433467817307,40.41025336409855,0.9628331317615509
1051911_E18_000632.png,36.23631645321108,0.9124109233083725,41.08812247400767,0.9790900177698135,41.45501205740943,0.9804649236907959
1051911_E18_000633.png,35.87086476716938,0.900926401673317,40.175238937687496,0.9700690787506103,40.58842310768028,0.9725128582019806
1051911_F19_000634.png,36.26443057230262,0.9059976980257034,40.61453692822785,0.9718806243839264,41.028412115509816,0.9734795928182602
1051911_F19_000635.png,35.69464144892143,0.8827611077494621,40.13634473614097,0.9687903487005234,40.73405040662786,0.9714085792913437
1051911_F20_000636.png,35.7722268303953,0.8809286646971702,39.87008773293941,0.963824394490242,40.12663865943634,0.9656514520874023
1051911_F20_000637.png,35.75240541348964,0.8877492022171021,39.66377860645656,0.9651386051321029,40.12360728817838,0.9671737648057938
1051911_G21_000638.png,36.28523161268283,0.9038308796453476,41.72558511728997,0.9786162747039795,42.04229941639789,0.9794298051614762
1051911_G21_000639.png,35.438247750972074,0.8590422932567596,39.992840370208754,0.964687946516037,40.52997868200385,0.9682770839977265
1051911_G22_000640.png,35.61722851848219,0.8707101644167901,40.48425673626412,0.9721556905241012,41.191614584660655,0.9757904954395294
1051911_G22_000641.png,35.72504180093087,0.8811269094195366,40.376424470654165,0.9736724255142212,40.928933233437654,0.9767451329498291
1051911_X_000642.png,36.06874397727734,0.903834861374855,39.862340194870036,0.9683028115768433,40.2875291801613,0.9706429676189423
1051911_Y_000643.png,36.17865587188612,0.8861154945292473,41.32135815995031,0.977176841173172,41.5614781909344,0.9788080444784164
1052852_A1_000736.png,35.08557728953894,0.9064982304205894,36.663015227913256,0.9555558842477798,37.20969151539494,0.9600044305062294
1052852_A1_000737.png,34.639227262496846,0.911078381016016,35.92713540118487,0.9551557939424514,36.51062081927894,0.959257432993412
1052852_A2_000738.png,34.9244358458536,0.9066295378952026,36.59952012735964,0.9543943246526718,36.94116551885779,0.9560934391489029
1052852_A2_000739.png,32.24080732612994,0.8926335900400951,32.418592794834275,0.9122824847647697,33.351002639896265,0.9278379768517911
1052852_A3_000740.png,33.7807501648137,0.905803165242672,34.45609770905638,0.9340373027076722,35.18773340148993,0.9432667476902008
1052852_A3_000741.png,35.04365568316919,0.9101620361599922,36.62458568789184,0.955796908156395,37.33257370787963,0.961020397017479
1052852_B4_000742.png,34.80671017403844,0.9159117762012482,35.79228899590324,0.9474047863793373,36.703237705405144,0.9570179725365638
1052852_B4_000743.png,34.67785089558162,0.9146737017390728,35.68492166155613,0.9491742518773079,36.61789168939639,0.9588228866667747
1052852_B5_000744.png,35.79211226016474,0.9115503404967785,38.88071500870304,0.9720261714162827,39.538112944795245,0.9747264777708053
1052852_B5_000745.png,35.42285782754661,0.927175198656559,37.019225752622475,0.9588917811861039,37.29340704711245,0.962078191977024
1052852_C10_000754.png,35.705180196202086,0.9079153313221932,38.90200024649237,0.967201857503891,39.15034412621849,0.9684624654817581
1052852_C10_000755.png,35.31765105658217,0.9160756905498505,37.27450215921966,0.9564791942625046,38.18421824892873,0.9648581818752289
1052852_C11_000756.png,36.00489980773658,0.9175161175646782,39.002189236820875,0.9680945659637451,39.44605496233716,0.9708885514259339
1052852_C11_000757.png,35.24980222701696,0.9195046556434632,37.27747388592564,0.9600899279522895,38.124764249146395,0.966993780872345
1052852_C12_000758.png,35.4119434457712,0.9056255064373017,38.247648255291445,0.9618948924036026,38.801185273770535,0.9658845678825378
1052852_C12_000759.png,36.1438951855722,0.9194636795639992,39.06324717008354,0.9727809872436524,39.212524584385704,0.9749346291027069
1052852_C6_000746.png,36.10517776820262,0.9176464415106773,39.89841791237814,0.9740051897621155,40.38676138999666,0.9765009168405533
1052852_C6_000747.png,36.42406906753072,0.9197709336338044,40.33044587629932,0.9778639322891235,40.824664950920436,0.9795517041358948
1052852_C7_000748.png,35.70784040580587,0.9192318161873817,38.22404260907404,0.9681112179999352,38.96775048175191,0.9730412390656471
1052852_C7_000749.png,34.5527684148223,0.9107439836049079,35.668252992358255,0.944343669142723,36.19563687887887,0.9496797675175667
1052852_C8_000750.png,35.5508441185606,0.9166722605452537,38.30563895798343,0.9685737629356385,38.87891967152953,0.9709085293965339
1052852_C8_000751.png,36.56411431809232,0.9152661309614182,41.0020057140187,0.9791243933014869,41.81734311053583,0.9822478287072182
1052852_C9_000752.png,35.944931751839725,0.9170938217720985,39.15075492471573,0.9741571469917297,39.7778432362627,0.9773242124967575
1052852_C9_000753.png,35.678114224886556,0.9176770542149544,38.5522221175801,0.9672586609220505,38.893697985122856,0.9697262219600677
1052852_D13_000760.png,35.55523333759437,0.912926035036087,38.97304909396132,0.9721707957878113,39.381596329132066,0.9744533709602355
1052852_D13_000761.png,35.95563369878833,0.9088226225054264,40.0912130126584,0.9761790178747177,40.946398797994206,0.9799740696868896
1052852_D14_000762.png,35.99221407363182,0.9175371070508956,39.872442004128764,0.9754837921133042,40.41645143223745,0.9784706467437744
1052852_D14_000763.png,36.495431656178525,0.9146557268342972,40.36694356872967,0.9751512640981674,40.470095134739886,0.9755857519750595
1052852_D15_000764.png,35.87336425398179,0.9043591673340797,39.63152786621323,0.9730173707017898,40.19907218904771,0.9764008611841202
1052852_D15_000765.png,36.194990485880034,0.915412155055046,39.28476099793593,0.9713432347965241,39.63963372203276,0.9734078240652084
1052852_E16_000766.png,36.18484018933017,0.9104700464019775,40.51531160835293,0.9790813905916214,40.98455828717996,0.9815309001150131
1052852_E16_000767.png,35.811564059869795,0.9087917799534798,39.340874141845276,0.9719201947460174,40.02070557296436,0.9757888372802734
1052852_E17_000768.png,36.22564449997469,0.9077922035384178,40.649924985527015,0.976655289563179,41.11575764433269,0.9784317368392944
1052852_E17_000769.png,36.49506308687756,0.8998909915890694,40.68435091309005,0.9759091714029312,40.60602190241415,0.9755358734130859
1052852_E18_000770.png,36.33688054419123,0.9124365109243393,41.127262644278,0.979190351436615,41.67473931236324,0.9815025126523972
1052852_E18_000771.png,36.42441622265782,0.9173112823882102,40.593140252043,0.9775301850776672,41.24163416539609,0.9808202262935638
1052852_F19_000772.png,36.275208132358216,0.9113419693231583,41.02568804926498,0.979859153421402,41.5504103929755,0.982327645330429
1052852_F19_000773.png,36.22668630217251,0.9029983559556007,41.09589351455124,0.979149020029068,41.86688784496027,0.982205617196083
1052852_F20_000774.png,36.08808955367905,0.9091407851481438,40.49496818587719,0.978610993719101,41.03861334998377,0.9810173884239197
1052852_F20_000775.png,36.157677556617344,0.9091005146746636,40.59663459838617,0.9776399370670319,40.98772987909669,0.979990095618248
1052852_G21_000776.png,36.039919884903256,0.9021921777944565,40.82741361955726,0.9787616541137696,41.46721011734251,0.9812627643632889
1052852_G21_000777.png,36.271402058023426,0.9024691695837974,41.718857844000816,0.9825832673406601,42.29105225142576,0.9857268918867111
1052852_G22_000778.png,36.0440327259149,0.9012385606408119,40.407823395972585,0.9783431848945617,40.82727828430578,0.9804668071727752
1052852_G22_000779.png,35.96263735610005,0.9053072967514991,40.35720662713718,0.9758639687738419,41.19547785586276,0.9803068888931274
1052852_X_000780.png,35.98369031867729,0.9165079371013641,38.57622430933937,0.9641847392215729,38.64629103293544,0.9647244314594269
1052852_X_000781.png,35.92022683066371,0.9002351950383186,39.6454717569256,0.9709799546756744,39.8490412902389,0.9723979480886459
1052922_A1_001149.png,34.748969773711295,0.8861096008996964,35.96592800442969,0.9408332070803642,36.66379976499708,0.9493688735599518
1052922_A1_001150.png,34.76997484709518,0.8855372873778343,36.48595731456034,0.9479671625022889,37.25546800823641,0.9554161222496033
1052922_A2_001151.png,34.11984003684668,0.8919403356871605,34.94957720800137,0.9374710530319214,35.68854533274105,0.9450484130425453
1052922_A2_001152.png,35.12418066522203,0.8771794207203388,37.84650921698483,0.9547696938800811,38.49273252003093,0.9595220122318268
1052922_A3_001153.png,34.84141861368725,0.8724702588524819,37.79254776300705,0.95838192070961,38.59556363208489,0.9636314820404053
1052922_A3_001154.png,34.81109245273473,0.8892563763852119,37.11406716213248,0.9545586507520676,37.669310792792984,0.9601653775644302
1052922_B4_001155.png,34.894249976478775,0.8769274226241112,37.430289762693945,0.9529778323144913,38.20520040045779,0.9594912482213974
1052922_B4_001156.png,34.97341750415007,0.8882205396103859,36.969069669564306,0.9513838706026078,37.5660554161957,0.9567181618242264
1052922_B5_001157.png,35.07826028255389,0.8614625373287201,38.33556632187628,0.953563413151741,38.84179441210298,0.957169514380455
1052922_B5_001158.png,34.876316455732926,0.8833645677490234,37.509523549621434,0.9567431974782944,38.07333367699843,0.9607962233343125
1052922_C10_001167.png,34.963649940378914,0.8936957828097344,38.013400776766034,0.9629236391239167,38.66729498234499,0.9679923063659668
1052922_C10_001168.png,34.92321979441598,0.897147539188385,37.82449329217004,0.962489877609253,38.30201144027121,0.9656750575256348
1052922_C11_001169.png,35.306640570108186,0.8696455586290359,39.4254265850717,0.9703594557704925,40.24576544051327,0.9744499100217819
1052922_C11_001170.png,35.15213320999259,0.8684285652179718,39.16245384367702,0.9668310489177704,40.03136802592371,0.9712597767047882
1052922_C12_001171.png,35.23252133703034,0.8883863271842003,38.82846730300159,0.9664080413007736,39.46065691903091,0.9698694891672135
1052922_C12_001172.png,35.26240766817793,0.8722239080266952,39.51072889935378,0.9684995051889419,40.282055319651874,0.9725068508911133
1052922_C6_001159.png,35.148740494258696,0.8737848643865586,38.403230854116636,0.9610730842981339,39.20347191574723,0.9665298219976425
1052922_C6_001160.png,34.84541779393501,0.8806050332288742,37.22410256942544,0.9490052146968841,37.97052042957209,0.9568783314237594
1052922_C7_001161.png,34.97503161328976,0.8809875053319931,38.08188954714477,0.9617989351119995,38.90837614379813,0.966628292046547
1052922_C7_001162.png,35.00726805885961,0.887962735277176,38.18930643413787,0.9613857143669129,38.53703830297111,0.9640150058603286
1052922_C8_001163.png,35.039914022022145,0.896223930560112,37.95819238346613,0.964803457988739,38.51422809156563,0.9683622198600769
1052922_C8_001164.png,35.27035154389643,0.868660542219162,38.81858824681852,0.9619428223934173,39.31618204716902,0.9644706956863404
1052922_C9_001165.png,35.14909053859339,0.8661473927416802,38.995924928359386,0.9674494773759842,39.76349719917498,0.9711999813642502
1052922_C9_001166.png,34.985354341974066,0.8897313316364288,38.17644970891003,0.9604148957290649,38.67943647114424,0.9644522543153763
1052922_D13_001173.png,35.69442481103549,0.8731605525989532,40.55876626830823,0.9724061362161637,41.05275872239658,0.9749060117578506
1052922_D13_001174.png,35.18530496509095,0.8836771973433495,38.90325085218519,0.968838025396347,39.64671171252702,0.9730085124969482
1052922_D14_001175.png,35.09862399890034,0.8932357364811897,38.42006322975274,0.9641578031864166,39.17188436665394,0.9701079228239059
1052922_D14_001176.png,35.19987544691667,0.8838574506645203,38.726687203758885,0.96636012733078,39.40626403356878,0.9713816438074112
1052922_D15_001177.png,35.00756472717077,0.8676903443331718,39.16479909989319,0.9675466345930099,40.002628813120396,0.9720636884422302
1052922_D15_001178.png,35.148668928982865,0.8859870139374733,38.91812824001874,0.9691221237821579,39.61279715018052,0.972630408996582
1052922_E16_001179.png,34.97028838757423,0.8922724752526283,38.90025933707293,0.9703419745092392,39.55034430340781,0.9748442029895783
1052922_E16_001180.png,35.28069214015442,0.8566173100004196,40.329225562375754,0.9746195834512711,41.3978741473293,0.978277689868927
1052922_E17_001181.png,35.41509195898741,0.8704024485301971,39.669016442149825,0.9702050402841568,40.35005365561115,0.9727823295650482
1052922_E17_001182.png,35.4403078631529,0.8744732761178017,39.82202797628078,0.9736214361181259,40.591843764097916,0.978238224272728
1052922_E18_001183.png,34.994741839126704,0.88436410227108,39.04754575162525,0.9694181101226806,39.898746311642796,0.9749871164264678
1052922_E18_001184.png,35.526158734319964,0.8752838469715118,40.188895191517055,0.974558808391571,40.9720604004983,0.9781807125692368
1052922_F19_001185.png,35.37646046719062,0.863055580432415,40.43510043490518,0.9769236741056442,41.29606712786142,0.9800403380098343
1052922_F19_001186.png,35.362013986554494,0.8646326331419945,40.52469700010809,0.975927640176773,41.406290757526406,0.9796271024084091
1052922_F20_001187.png,35.329825336614185,0.8696992824401856,39.96559752501637,0.9737926835241317,40.66620673760495,0.9768772991018295
1052922_F20_001188.png,35.33104264892157,0.8620035565361976,40.57920204622383,0.976314295255661,41.54150675789536,0.9800429800500869
1052922_G21_001189.png,35.40631294106567,0.856719002679348,40.80349788671582,0.9790194751729965,41.89374106724358,0.9826714960136413
1052922_G21_001190.png,35.48886014181169,0.8646213999252319,40.81885295042574,0.9799097024936676,42.06242356654129,0.9838362400245666
1052922_G22_001191.png,35.49251822294104,0.8604945808734894,41.03100870242564,0.9796552530498505,41.96275457212024,0.9827870040388107
1052922_G22_001192.png,35.25457411854084,0.87291919886446,39.98149023863111,0.9765299228563309,40.851177062058625,0.9808397224531173
1052922_X_001193.png,35.31122876806387,0.896237754383564,38.55326647554347,0.9638581139659882,38.99631326485023,0.9670229154376984
1052922_X_001194.png,35.19269250493443,0.8898154527688027,38.108475910950986,0.9600115613231659,38.49760425732252,0.9628067349386216
1053192_A1_001609.png,34.56939981786433,0.9200668506550789,35.614709658332,0.9669104724626542,36.61798032933604,0.971186190791607
1053192_A1_001610.png,35.3698905490854,0.9172337525436878,36.890184206743086,0.9613727165036201,37.62925076750144,0.9656743986186981
1053192_A2_001611.png,34.521204448820086,0.9256310064826012,35.01061841108027,0.9509878563332558,35.952768498307506,0.9594613185815811
1053192_A2_001612.png,35.27562377070773,0.9220393398671151,37.16495983636666,0.9691430635881424,37.81307118329043,0.9723097674717903
1053192_A3_001613.png,35.197727126013966,0.9055221382670402,36.828143415113665,0.9527618771944046,37.54441133881084,0.9594832576580048
1053192_A3_001614.png,35.485127178389014,0.9270357690210342,36.769673801053884,0.968428413485527,37.69810339177468,0.9738996421103477
1053192_B4_001615.png,35.1919410861168,0.9116520601224899,37.1418210212724,0.9634224161701203,37.676341891125624,0.9686681988763809
1053192_B4_001616.png,35.11692955507462,0.8882074736413955,37.802637666041434,0.9627773508279324,38.41232819147586,0.9664161963481903
1053192_B5_001617.png,35.9256871005983,0.9267158161268234,38.37031338461485,0.9714422591352463,38.833162082687174,0.9737327047681809
1053192_B5_001618.png,35.230030053179775,0.9180259174759388,37.45242539775599,0.9722769153995514,38.309262409267454,0.9747213234620095
1053192_C10_001627.png,36.6564976152491,0.921682593375206,41.11782669785579,0.9834870240125656,41.986858103779674,0.9864042096586227
1053192_C10_001628.png,35.91433532842438,0.9113808371224403,40.023440164990575,0.9769482759189606,40.728791694480265,0.9800295580720901
1053192_C11_001629.png,36.10650845780009,0.9155177275099754,39.84145875828189,0.9772108716688156,40.36698753111666,0.9796372282409668
1053192_C11_001630.png,35.73494565620331,0.9255323444862366,38.437551429945685,0.9727010022325516,39.1088509515346,0.975847061123848
1053192_C12_001631.png,36.42041861037898,0.9236654784860611,40.35604487292147,0.9813280896549225,40.81093501125184,0.9831451768798828
1053192_C12_001632.png,36.627092196589366,0.9236946872386932,41.3830090726874,0.9853270128002167,42.07826450211687,0.9867720055303574
1053192_C6_001619.png,36.5340137016745,0.9245709541473389,40.20648276300562,0.9827900058693886,40.8049202115828,0.9854817981357574
1053192_C6_001620.png,34.59510612244457,0.9230313980712891,36.03877663725139,0.9631077662720681,36.969272572487476,0.9699991720571518
1053192_C7_001621.png,36.18120191617889,0.924143445438385,39.436046194158095,0.9783857930698395,40.33598085988885,0.982411704861641
1053192_C7_001622.png,35.83711447879798,0.9212727980027199,39.10220739039317,0.9757412350540161,39.62459604691726,0.9783074150133133
1053192_C8_001623.png,36.323252625670285,0.9282791554193497,39.72235739053366,0.9792902517938614,40.12595639914522,0.9813576624898911
1053192_C8_001624.png,35.987818373983416,0.9296627233915329,38.652376903031474,0.9746652944812775,39.099216417082886,0.9769941218423843
1053192_C9_001625.png,36.486112013707846,0.9242830715618133,40.584725066496574,0.9823562021656036,41.27316230136592,0.984720261818409
1053192_C9_001626.png,35.20648360846952,0.9075777923193574,37.634804238848254,0.9693276179230214,37.581853068644904,0.9686368545165062
1053192_D13_001633.png,36.46022135758469,0.9233340017251969,41.294048361635674,0.9836062349653244,41.921903245180644,0.986084608877182
1053192_D13_001634.png,36.658497620658025,0.9180151907343864,41.565202747896855,0.9829978175086975,42.13237739164364,0.9843805239353179
1053192_D14_001635.png,35.846320843763756,0.9204839732336998,38.99304662816999,0.9719327687892914,39.815683745599806,0.976626790605545
1053192_D14_001636.png,36.083138872136175,0.9228011155471801,39.73819864895904,0.9770032605743408,40.41432095660889,0.9803915665369034
1053192_D15_001637.png,36.50706912589451,0.9260759008684158,41.215938709917175,0.9835051873388291,41.95987284823984,0.9859969385099411
1053192_D15_001638.png,35.91764626744662,0.9096412937345505,39.77917963739169,0.9762608646383285,40.75086911218986,0.9813204441843033
1053192_E16_001639.png,36.704703701839,0.922421352306366,41.88203012791621,0.9854619343338012,42.870843388236466,0.9883380736570359
1053192_E16_001640.png,35.59044188888955,0.9103869404306412,39.42466747761153,0.9743536939201355,40.19219593410344,0.9790550036649704
1053192_E17_001641.png,35.441587855329566,0.9189927799382209,38.37051646335762,0.9685036443805695,38.93639788566433,0.9724561020746231
1053192_E17_001642.png,35.700872012689715,0.9208417711310387,38.79584497695082,0.9704282334947586,39.43433690489775,0.9749551724262238
1053192_E18_001643.png,35.74620108398763,0.9162993066878319,39.15621411679946,0.9742206351184844,39.76250320337498,0.9780791109223366
1053192_E18_001644.png,36.438267826412726,0.9177452868466377,40.99379825953207,0.9817563354139328,41.307991473829524,0.9828870461244583
1053192_F19_001645.png,36.372700522015805,0.9188123827638626,41.07448775324572,0.9823242254390716,42.07435215341117,0.9857828735332489
1053192_F19_001646.png,36.49013157198425,0.9111498341670037,42.34751561966502,0.9852379643163681,43.33547078173229,0.9880341366901397
1053192_F20_001647.png,35.79503646379074,0.9146550228772163,39.51332455517361,0.9771744515399933,40.30101907790353,0.981451552989006
1053192_F20_001648.png,36.50128699837071,0.9172747371706963,42.0766532320794,0.9844382081251144,43.013948641940246,0.9877075044612884
1053192_G21_001649.png,36.610691982049254,0.9184569614620208,42.07857711093753,0.9842146101694107,42.97204695317092,0.9874837471313477
1053192_G21_001650.png,36.71629109327927,0.9180482220077515,42.956920609912146,0.9876070421609878,43.98784528966693,0.9900908331470489
1053192_G22_001651.png,36.551743798539775,0.9133853396759033,42.19208332902959,0.984877652718544,42.92708517770849,0.9870747101278305
1053192_G22_001652.png,35.87439693959655,0.9040671365146637,40.27791402786191,0.9773751530284882,41.09496216370558,0.9812285973348618
1053192_X_001653.png,36.83530754729476,0.924026886633873,42.35373141977497,0.9878841799001694,43.20128169502426,0.9895057035226822
1053192_X_001654.png,36.078607098833196,0.91757807330513,39.412989241893314,0.9744428105678559,39.78789587512491,0.976887309794426
1053331_A1_001747.png,36.30897417339322,0.9142094132432937,41.143012883724204,0.9816290775690079,41.744762875258694,0.9840376206068993
1053331_A1_001748.png,35.866447797731034,0.9235725156793594,38.867110651999084,0.9759144225473404,39.207417940335624,0.9781191349267959
1053331_A2_001749.png,35.77895792553407,0.9245240788478851,38.015258417838226,0.9701698916258812,38.59420646100958,0.9737103986225129
1053331_A2_001750.png,35.94850814530626,0.9190942610526085,38.93804100443781,0.9728158204169274,39.64365882218636,0.9760496233167648
1053331_A3_001751.png,36.42144233850791,0.9214014248847961,40.85710677215968,0.9835074597139358,41.53998033621801,0.9860554760046005
1053331_A3_001752.png,36.9071169110999,0.9218686410865784,42.14994699347555,0.9854842353219986,42.847673095698894,0.9873771191987991
1053331_B4_001753.png,36.65997879103973,0.9189169302191734,42.74476742602958,0.9876365727844238,43.41154538419219,0.9888407207050324
1053331_B4_001754.png,36.03256678958622,0.9084006563339233,40.41592414461193,0.9776883953590393,41.37470716008791,0.9818727689561844
1053331_B5_001755.png,36.24746687707501,0.9123522833213806,40.05438088608006,0.9751343071155548,40.8786622347328,0.9797113255138398
1053331_B5_001756.png,36.3175811948876,0.9113068957490921,41.40654396944693,0.9815185209255218,41.999727225007916,0.9830694209170342
1053331_C10_001765.png,36.75038258556209,0.9244279578771591,41.74235704924464,0.984618246758461,42.49108456204845,0.9872063789834976
1053331_C10_001766.png,35.91624990068151,0.9184824702839851,39.325045250200986,0.9749046209754944,40.16195288445503,0.9791384549193383
1053331_C11_001767.png,36.31711836025208,0.9224525268411636,40.75425000776366,0.9817673339490891,41.37428744388386,0.9837338705711365
1053331_C11_001768.png,36.7261339312015,0.9232801781396865,42.04536650899517,0.9855551990671158,42.602201216193656,0.9873773619642258
1053331_C12_001769.png,36.79115013820319,0.9165939112854004,42.90104876408445,0.9872181876029968,43.58732444661335,0.9889446824903488
1053331_C12_001770.png,36.090448505337406,0.9091316286072731,40.28379569041348,0.977414094244957,40.94892126061281,0.9807641630535125
1053331_C6_001757.png,36.93976709584565,0.9205541107625961,42.492422793726014,0.9850462401170731,42.847398039014514,0.9861871550836563
1053331_C6_001758.png,35.64358160289467,0.8765864337782859,40.065468512306566,0.9707646882543564,40.47050381585749,0.973647714471817
1053331_C7_001759.png,36.661563869119774,0.9153037402162552,41.7819147947521,0.9818495513153076,42.223360037224744,0.9834896215524673
1053331_C7_001760.png,36.81971955995,0.9227068866052628,42.33950865445199,0.9860162072153091,42.718559758465766,0.9870581883268357
1053331_C8_001761.png,36.69968835685305,0.9228301527471542,42.0945593124613,0.9869227316608429,42.76097978302012,0.9884955311374665
1053331_C8_001762.png,36.89753030037153,0.9203005850205421,43.490228928872384,0.9889049877023697,44.39966106793179,0.9900987863693237
1053331_C9_001763.png,36.54204207644851,0.9138399274840355,41.1572765505101,0.9801167430095673,41.61145020093083,0.9822657457790375
1053331_C9_001764.png,36.51282695433778,0.9201570771846771,41.47826775856517,0.9830917965402604,42.14346452152114,0.9852429758882523
1053331_D13_001771.png,35.47545468032283,0.8618822206163407,40.23655427739659,0.9698103186244965,40.78194495352023,0.9735241967363357
1053331_D13_001772.png,36.61336550596126,0.9187581593055725,41.566459652002806,0.9827558939599991,42.275690479749784,0.9847040317039489
1053331_D14_001773.png,35.560817586608586,0.893184309615612,39.341898235654625,0.9676274267530441,39.701442411437164,0.9706910031728745
1053331_D14_001774.png,35.88248327610683,0.879530323671341,40.82531810817458,0.976641926656723,41.26512245567408,0.978901865023613
1053331_D15_001775.png,36.417543553773214,0.9139312231631279,41.3675521593555,0.9821704607200623,42.3731367978239,0.9853891017541886
1053331_D15_001776.png,35.44372647773465,0.8767611969285011,39.583448611641074,0.9677208219099045,40.07018866496694,0.9705949465990067
1053331_E16_001777.png,35.97866829295902,0.8922493260054588,40.688062685789596,0.9739230718927383,41.10040770146817,0.9763713004684448
1053331_E16_001778.png,36.41539984102139,0.8956592311730385,41.98252847099703,0.9817936820802688,42.34609834468568,0.9839148571424484
1053331_E17_001779.png,36.64385762087776,0.9125664897060394,42.98821960652192,0.9865735842590332,44.152967979368825,0.9894519716415405
1053331_E17_001780.png,36.51973994898078,0.9193342987356186,41.515670117987675,0.9826372648410797,42.55030094019537,0.9860414109401703
1053331_E18_001781.png,35.36058018792736,0.8568297222070694,40.53535873759672,0.9746148273048401,41.3035039380907,0.977893203010559
1053331_E18_001782.png,36.77580561964718,0.9174258760991096,42.68896833387007,0.9858811525621414,43.40671943190433,0.9878528877944946
1053331_F19_001783.png,36.800488804552444,0.91923302840662,42.99971285927697,0.9875072005233765,44.05055760334291,0.9899945370111466
1053331_F19_001784.png,36.48373860494153,0.9059422834210396,42.49872367934933,0.9839247253017426,42.94483736148655,0.9858811234455108
1053331_F20_001785.png,36.1641261862666,0.8968763161478043,41.66378286023214,0.9820819805669785,42.47386504617115,0.9852231819868088
1053331_F20_001786.png,36.727390847871334,0.9216489946460724,41.85534244263464,0.9839047939119339,42.65709617375633,0.9860325942773819
1053331_G21_001787.png,36.692089316575476,0.9147473753519059,42.93707415350259,0.9876196287784577,44.208314942993724,0.9903719488611221
1053331_G21_001788.png,36.07657660743077,0.904684028418541,41.21308062879336,0.979850597943306,42.05795209051142,0.983931108086586
1053331_G22_001789.png,36.9894561650191,0.9184569106884003,43.52889469058003,0.9888883431892395,44.48566156568986,0.9911009969844818
1053331_G22_001790.png,35.89821510529368,0.8838807543678283,40.882319972827574,0.9782118978338241,41.17126765583543,0.9803118331270217
1053331_X_001791.png,36.901888547376615,0.9231152254171372,42.14364844297273,0.986288522266388,42.77835468416784,0.9881724777851105
1053331_Y_001792.png,36.7659982192978,0.912893203997612,42.444136043532524,0.9866132140607834,43.416444373874555,0.9893178531370163
1053453_A1_001426.png,35.2965096911328,0.9097966356701851,37.244658139006184,0.959905005261898,37.73061627081608,0.9627816487636566
1053453_A1_001427.png,35.623271730112236,0.8861588159091472,38.944790577603584,0.9492608533520699,38.98559346210919,0.9497048684577942
1053453_A2_001428.png,35.055906419692015,0.8829565458831787,37.84966958285073,0.9433985889835358,38.15417298866858,0.9463542109851837
1053453_A2_001429.png,34.65893467804539,0.8614745268492698,37.68434702510896,0.9399876327972412,38.219143550924485,0.9444402046957016
1053453_A3_001430.png,34.89809378462203,0.8964416738758088,37.24145474143271,0.9486219072685241,37.580183050650035,0.9513993091173172
1053453_A3_001431.png,35.01010149038666,0.8793724519777298,38.59043340887672,0.9574161016693116,39.02679937625959,0.9606559300985337
1053453_B4_001432.png,34.95834165731078,0.8629373097691536,37.85549971647051,0.9343825852546692,38.24197426814341,0.9387363338098526
1053453_B4_001433.png,35.48930463899457,0.8926189532055855,38.93012422672284,0.9582496633872986,39.20044425281625,0.9602004078407288
1053453_B5_001434.png,35.54990950888727,0.8959527122011185,38.469443838268646,0.9532780569009781,38.78710327123868,0.9572708525495529
1053453_B5_001435.png,34.76662426470146,0.8865954208641053,37.54295835545558,0.9445314201669693,37.86926727259677,0.9478594125699997
1053453_C10_001444.png,36.49128959741196,0.9207694373764992,41.01768072804866,0.9801345687055588,41.64381277180393,0.9823791975049972
1053453_C10_001445.png,35.53495560568028,0.9070583931212425,38.587804411749154,0.9609914434843063,39.14392952572526,0.9653111012125015
1053453_C11_001446.png,36.04766344758992,0.8929201682386398,40.19243042228271,0.9688017092866897,40.441537414387376,0.970638131734848
1053453_C11_001447.png,35.14466260047497,0.8596120168895721,38.97793524671146,0.9514256442337036,39.748612059365854,0.9560712110967636
1053453_C12_001448.png,35.059645801002226,0.8585030491352081,38.9018261654017,0.9528242556781769,39.46171024132891,0.9566705290164947
1053453_C12_001449.png,35.292602314184606,0.8737026966853142,39.16268900177786,0.9565575709218979,39.4908156900518,0.9585227012319565
1053453_C6_001436.png,36.23772845991944,0.9054686361856461,40.42941529448905,0.9698259543170928,40.75218994001868,0.9711339726943969
1053453_C6_001437.png,35.158146579997194,0.8934098744015694,38.41917792546607,0.9557681171197892,38.83436980589953,0.9586653450241089
1053453_C7_001438.png,35.622789038088726,0.8813805903635025,39.03658499021203,0.9535761206083297,39.25426126394273,0.9556281547574997
1053453_C7_001439.png,35.20092816128981,0.8972396299057007,38.423698580630344,0.95698395495224,38.97680778161343,0.9603074624285698
1053453_C8_001440.png,35.213451259796415,0.8822451986687183,38.878959052074215,0.9580680427250862,39.267473527503036,0.9607323043785095
1053453_C8_001441.png,35.29044153413932,0.8969297873077393,38.70999632004444,0.9621691278409958,39.119713599207,0.9657925333080292
1053453_C9_001442.png,35.87072138738341,0.8993163571052551,39.88317284942412,0.967530688832283,40.320570819031865,0.9710561762075424
1053453_C9_001443.png,35.27037520002436,0.8676655566868782,39.19028333805977,0.9555219106378555,39.83494952415816,0.9600025919809342
1053453_D13_001450.png,35.538999194417016,0.8756667576522827,39.951566183797766,0.9687316012554169,40.369850002181195,0.9716134343452454
1053453_D13_001451.png,35.17544602427256,0.8709521137261391,39.67364576928346,0.9662315602264404,40.37840290709936,0.9715631012821198
1053453_D14_001452.png,36.418336114322535,0.9097695684790611,42.12660321877397,0.981286003077507,42.89814820934291,0.9829758341941833
1053453_D14_001453.png,35.38516462896935,0.8735110342683792,39.33120055167536,0.9608703657684327,39.632595436963705,0.9620271902618408
1053453_D15_001454.png,35.6660979825392,0.8687941963601112,40.21603745746135,0.9644452235298157,40.74325575572796,0.9675143981771469
1053453_D15_001455.png,35.11728031888311,0.867452889280796,38.934986280568104,0.9568649013462067,39.57882174592163,0.9617045901355743
1053453_E16_001456.png,35.464771141474685,0.8652597003622055,40.22321981481614,0.9683490553283691,40.826045540710474,0.971003057015419
1053453_E16_001457.png,35.59148643203545,0.8857946626219749,39.69869412580162,0.9664071165094376,40.24771788362699,0.9708471163778305
1053453_E17_001458.png,35.93324291858462,0.8914377534275055,40.9521561625517,0.9730089911899567,41.26512269908436,0.9740930647058487
1053453_E17_001459.png,35.308709327683644,0.8536900784087181,40.021893570091706,0.9638267560892105,40.60651405182418,0.9667129870004654
1053453_E18_001460.png,35.48944934428227,0.8739300496530533,40.52409902100222,0.9726520141687394,40.90665022322756,0.9743372093496323
1053453_E18_001461.png,35.492765078315294,0.866999784324646,40.85280143770244,0.9728827365245819,41.17070711440425,0.9744646276092529
1053453_F19_001462.png,35.493678470312226,0.8731285388889313,40.0623246175535,0.968698276717186,40.674519340756376,0.9728584520788193
1053453_F19_001463.png,35.20088560993156,0.8668890800189972,40.229135122837995,0.9731486251783371,40.86279683374552,0.976726769405365
1053453_F20_001464.png,36.23627166603977,0.8926205851678848,41.10258798501005,0.9749928404188156,41.243723593068935,0.9759491006689072
1053453_F20_001465.png,35.54810612324971,0.8716469738287925,40.298704466467555,0.9730444943342209,40.84080029794235,0.9752660105600357
1053453_G21_001466.png,35.711331842061036,0.8713174882907867,40.73553488531937,0.9780865484294892,41.33145501085843,0.9811589752764702
1053453_G21_001467.png,35.390239898339274,0.874414727234602,40.23148862303466,0.9741066111669541,40.93256981328166,0.9793635545682907
1053453_G22_001468.png,35.301358206163215,0.8605505631999969,40.27414582333326,0.9705752254724502,40.81708131663669,0.9729386209287644
1053453_G22_001469.png,35.70423109859821,0.8653287284026145,41.08104473835036,0.9773729665498734,41.61059382649909,0.9803817683362961
1053453_X_001470.png,35.36163420516922,0.8743322713096142,39.72126766891222,0.9651769244327545,40.28063094078077,0.9680331314105988
1053453_X_001471.png,35.49763036431345,0.8754313656187057,39.70470745985796,0.9585796331472397,40.12993456689848,0.96277274136734
1053722_A1_001102.png,35.45691407590632,0.930751918455124,37.34422955091738,0.9740860030703544,38.43931544293966,0.9807761479001045
1053722_A1_001103.png,34.90356037826257,0.9280990021123886,36.65608217689793,0.9660897109928132,37.623250296175456,0.9727729083952904
1053722_A2_001104.png,36.10803499935216,0.9371566427121163,39.27728186118365,0.978992233677864,39.783220246529474,0.9808540614652633
1053722_A2_001105.png,36.19165060336687,0.9339476975255012,39.66240131250327,0.9803535217971802,40.21641194448378,0.9822511770076752
1053722_A3_001106.png,35.84846483409403,0.9306329875469208,39.35730506589908,0.9771278449306489,39.88088171999789,0.9795682777786255
1053722_A3_001107.png,35.90224983131381,0.9356440230240822,38.65674296812524,0.9764771633605958,39.666061354681865,0.9805275056304932
1053722_B4_001108.png,35.917316352983434,0.9242057223291397,39.399149777904604,0.9766841862049103,40.1945080973308,0.979722889881134
1053722_B4_001109.png,35.72016558122852,0.9355507699437141,38.318060951317435,0.9769988604507446,38.980907996671576,0.9796554372940064
1053722_B5_001110.png,36.68332209794705,0.9333555548043251,41.491451389624736,0.9881691616401672,42.384010417886905,0.9902932023954392
1053722_B5_001111.png,36.18888950040383,0.9293524006404876,40.3333498844774,0.9825011922473907,41.09403097277184,0.9847804964580535
1053722_C10_001120.png,36.125289896545425,0.9240263777623177,40.26223198177726,0.9793055236120224,40.743364366907116,0.9811909544410705
1053722_C10_001121.png,36.72829833867175,0.9265146929860115,43.06944117187199,0.9898504030122757,44.04357013481309,0.9912596383981704
1053722_C11_001122.png,36.30026254095929,0.9272380426626206,40.7700888647346,0.9847820834980011,41.39807064237544,0.9866137457122802
1053722_C11_001123.png,36.21200203922098,0.9232547724094391,40.66543445606979,0.9821149629621506,41.48245277170182,0.9846170747699737
1053722_C12_001124.png,36.2043589759642,0.9306773465728759,40.298693282032744,0.9815904174480439,41.01608351582051,0.9842108636646271
1053722_C12_001125.png,36.496552190745426,0.9308890712518691,41.061052227476324,0.9855268379058838,42.374809658116334,0.9884518785991668
1053722_C6_001112.png,35.73849958373026,0.9326768318758011,38.55234609674409,0.9757972115707397,39.32136525822231,0.9794353944635391
1053722_C6_001113.png,35.72115734875399,0.9298473626117706,38.78822094441934,0.9776063404159546,39.36191308304706,0.9797939726419449
1053722_C7_001114.png,35.93893552569289,0.9329742130079269,39.43160004757231,0.9795262037792206,40.08446356045221,0.9818990755300522
1053722_C7_001115.png,36.37928044067535,0.9340796175961494,40.18809668374538,0.9843261966247558,40.81604780387814,0.9863243088569641
1053722_C8_001116.png,35.916157346659595,0.926486944838047,39.59950574744999,0.9781404961767197,40.44042033803942,0.9811605556573868
1053722_C8_001117.png,35.71132593461381,0.9263752755937577,39.04014524762107,0.9740463082523346,39.8291251080365,0.9781672549524307
1053722_C9_001118.png,36.31436059048353,0.9377342878189087,39.92252735925068,0.9835093680477143,41.19148010117483,0.9870782027606965
1053722_C9_001119.png,36.51479189211392,0.9323924932699204,40.82434439697056,0.9839712905492782,41.76541780416989,0.9865592025089264
1053722_D13_001126.png,36.49226752149829,0.9265253044276237,41.932640532176336,0.9867445846261979,42.97267308569916,0.9889495867118836
1053722_D13_001127.png,36.01841972394493,0.9308341138854027,39.48426747398399,0.9769563735017777,40.12109115350657,0.9802185657444
1053722_D14_001128.png,36.524952741148326,0.9288899278352261,40.952638087347644,0.9822755994300842,41.69879896735557,0.984917724694252
1053722_D14_001129.png,35.642855741328006,0.923470382379055,39.240036109034435,0.9772182392654419,39.97164767018025,0.9814119761533737
1053722_D15_001130.png,36.39785161066498,0.9303249587192536,41.25776423922937,0.9848131794176102,42.21571477449106,0.9874533180112839
1053722_D15_001131.png,35.872327531971735,0.910265605014801,40.016191813080695,0.9745264431695938,40.712946484069775,0.978831338057518
1053722_E16_001132.png,35.99768377376301,0.9216144431395531,40.35072734550791,0.9796202225551606,41.35996308065629,0.9835884194030762
1053722_E16_001133.png,36.14295463605569,0.9170818410301208,41.011540184245526,0.9806833988771438,41.972244993191474,0.9840320339193344
1053722_E17_001134.png,36.217458563252556,0.9136178867030144,41.12924475453909,0.9797561990165711,41.931925011462454,0.9828186929044723
1053722_E17_001135.png,36.33888651767855,0.9224907139391899,41.41904487481365,0.9830026469068527,42.427190386647936,0.9861416892757415
1053722_E18_001136.png,36.40548632754855,0.9176979074106216,41.973818139150396,0.9855650417985916,42.81378167787953,0.9876036373214722
1053722_E18_001137.png,36.493040346065015,0.9302591214389802,41.41921427814306,0.9849951368732452,42.28201120700067,0.9876617306175232
1053722_F19_001138.png,36.44397638521,0.9171585623903274,41.86525899076368,0.9843097887592316,42.78721376933679,0.9866881104745865
1053722_F19_001139.png,35.704373994254546,0.9050014741191864,39.83909173774751,0.9759165249767303,40.33589279096586,0.9785747428369522
1053722_F20_001140.png,35.56097651982809,0.9014229357209206,40.17726598860055,0.978174998008728,41.10239085764381,0.9829225090751648
1053722_F20_001141.png,36.86367944434779,0.9276966260752678,42.76683478171552,0.9887184050445557,43.89540521818472,0.9909735693740844
1053722_G21_001142.png,36.2971899398817,0.9235092883667946,41.259738920438565,0.984089766705513,42.46641377028378,0.9879635123558045
1053722_G21_001143.png,36.537579094890106,0.9246232670574188,41.82790222614136,0.9858575670022964,42.57075460456306,0.9886885517702103
1053722_G21_001144.png,36.14719763206772,0.9192114797401428,40.85487311838918,0.9821606165981293,41.929524732589776,0.9863325206336975
1053722_G22_001145.png,35.74532077888702,0.902325093770504,40.362232742741526,0.9788382236442565,41.34881258576475,0.9845987393960953
1053722_G22_001146.png,36.293512813311025,0.9131404331626892,42.077968508269315,0.9850358351345062,43.075913351396586,0.988354041223526
1053722_X_001147.png,35.698238164038266,0.9362430158076286,38.36684158155491,0.974482521786213,38.93274579723597,0.9782352512865067
1053722_X_001148.png,36.126128415298616,0.9306528728876113,40.08636535061933,0.9823157509670257,41.0409821750305,0.9856709627456665
1056423_A1_000092.png,35.36618056900371,0.8917863863005638,38.2309203482367,0.9569483909225464,38.508961750890435,0.9584500400142669
1056423_A1_000093.png,35.312488606570625,0.9080193973460198,37.53009960891956,0.9588160784134865,37.75152251014938,0.960576673377037
1056423_A2_000094.png,35.34139720491085,0.8957910998911858,37.95785497424192,0.9585630688266754,38.197071350696866,0.9608701325302124
1056423_A2_000095.png,35.94856766391164,0.9083150737376213,38.54467117504323,0.9680061308498382,38.96807213557196,0.9719812434053421
1056423_A3_000096.png,34.83653928995008,0.8900231639461518,37.01374484918589,0.9507238383274078,37.58567986586219,0.9543564214844704
1056423_A3_000097.png,35.97290823920022,0.8970126748900413,39.65351923984606,0.9680561737356186,39.85001610194362,0.9702153309431076
1056423_B4_000098.png,36.030874422366495,0.8973181950497627,39.89772126897614,0.9740208420982361,40.73687506818075,0.9781485300617218
1056423_B4_000099.png,34.942834930401865,0.8712654982357025,37.994562538888715,0.9527290570249557,38.56495371204362,0.9580185627450943
1056423_B5_000100.png,35.29438036800725,0.9082799771184922,37.92623796830445,0.9609333461885452,38.00230154812842,0.9614152552576065
1056423_B5_000101.png,35.956556912576424,0.897525142560482,39.52486540645819,0.9672258097906112,39.62905722889453,0.9686651580562592
1056423_C10_000110.png,36.02282139484964,0.8893845136899948,40.36520285789045,0.9706210418004989,40.69936150462496,0.9732616868619919
1056423_C10_000111.png,35.69879071408758,0.9095038826971054,38.6783690106042,0.966109633441925,38.93985370144841,0.9685166273698806
1056423_C11_000112.png,36.010125398716475,0.8985162841820716,39.73674047748244,0.9721782664184571,40.07073786972732,0.9739153678073883
1056423_C11_000113.png,36.17777291993667,0.8873945126571655,41.020077595899224,0.9749724774990082,40.958721428866085,0.9756133851108552
1056423_C12_000114.png,36.334272495536815,0.9068732834739686,40.46369495125387,0.977610080997467,41.344935629771406,0.9821466750574112
1056423_C12_000115.png,35.60689991720283,0.8823745862288475,39.73243597597718,0.9723984409484864,40.401033560845434,0.9759703319826126
1056423_C6_000102.png,35.29479641634347,0.8999559563393593,37.95245812357805,0.9582053626232148,38.27943969273568,0.9609690464048386
1056423_C6_000103.png,34.981720544326265,0.8746640289421082,38.05775803450459,0.9506750927886963,38.50900516239434,0.954525596455574
1056423_C7_000104.png,36.26063450859979,0.9078043338747025,41.171774701579,0.9816126103496552,41.59171880537962,0.9836284864664078
1056423_C7_000105.png,35.55891559287819,0.89715584278059,38.52787957863016,0.9631521090211869,39.11274572911618,0.9682882426872254
1056423_C8_000106.png,35.96126902593507,0.9097768908848762,39.187974871306565,0.9711515038099289,39.680542971736344,0.9747651795663833
1056423_C8_000107.png,35.65632425731198,0.8916621856279373,39.61277861419992,0.9686887813634872,39.93910726993233,0.9707617557764053
1056423_C9_000108.png,36.1145395981175,0.9085678235788346,40.19787745528538,0.9774861388111115,40.72896056976184,0.9807891051054001
1056423_C9_000109.png,35.91533471022576,0.8754606894960404,40.82328527058256,0.9714408132858277,40.94459981611892,0.9722761094026565
1056423_D13_000116.png,36.02952352148508,0.8965094607782363,40.19017262541269,0.9745708670959473,40.552662425318964,0.9764129730443954
1056423_D13_000117.png,35.410520773995636,0.8723100967664719,39.692271372882246,0.9686137951049805,40.00671989683038,0.969433224691391
1056423_D14_000118.png,35.7015538771759,0.9013702025766372,39.86112582700622,0.974312812541008,40.181769405447845,0.9759938334922791
1056423_D14_000119.png,35.56359702415753,0.8893124717884063,39.377444308038676,0.9662818972826004,39.95124373840055,0.9698984619636536
1056423_D15_000120.png,35.580391564362664,0.8787330090694427,39.84106614190226,0.9687279322652816,40.35529283263721,0.9724861586694717
1056423_D15_000121.png,35.676947796537505,0.8923769299640656,39.5624261756879,0.9702738430576324,39.86043501631892,0.9718641793842315
1056423_E16_000122.png,35.7420733515147,0.9006082495589256,39.84735867685944,0.9743195547275543,40.399793041103884,0.9771245306425095
1056423_E16_000123.png,35.56924659437071,0.8955776144852639,39.45865928197979,0.9712596393842697,39.90545237205478,0.9739388777275085
1056423_E17_000124.png,35.496378437384074,0.8890568126702308,39.54417393931007,0.9714049617099761,40.15954206082597,0.9743791519422531
1056423_E17_000125.png,35.94851788600258,0.8957782696590424,40.25555804946065,0.9760462146940231,40.87188101475368,0.9800282003831864
1056423_E18_000126.png,35.67034964857655,0.8915583904809952,40.147685292107326,0.9743501030282974,40.61717922595356,0.9772979778060913
1056423_E18_000127.png,35.93696354526316,0.8819439604754448,40.822952696976586,0.9773220549993515,41.250024856672425,0.9801059951114655
1056423_F19_000128.png,36.420457676956374,0.9001171609416008,41.65703168191137,0.9812147726135254,41.92179241325317,0.9826408719758988
1056423_F19_000129.png,35.84830134797683,0.8939210013170242,40.396241150980686,0.9774094522190094,40.819665116560785,0.9796838928899765
1056423_F20_000130.png,35.53411429592916,0.8793020253205299,40.58037826433299,0.9779685102338791,41.03511968583469,0.9801158913650513
1056423_F20_000131.png,35.41694056598417,0.8624412649664879,40.62602235885768,0.9760535642004013,41.43726800227416,0.9791225063304901
1056423_G21_000132.png,35.81768027172624,0.8832824871654511,41.22657712177079,0.9807958071432114,41.83744482021983,0.9838485834665298
1056423_G21_000133.png,36.38605137774992,0.8967912148113251,42.04464869074818,0.9835010499916077,42.634681290395065,0.986070964846611
1056423_G22_000134.png,35.9879510537713,0.8811704818782806,41.58632650151624,0.981448359506607,41.9384176079875,0.9834959133300781
1056423_G22_000135.png,35.66905176632056,0.8725985513648987,40.88648010642131,0.9774731072072983,41.60997380436852,0.9813628023004531
1056423_X_000136.png,35.62046733331137,0.8926031198801995,39.14906208939708,0.9648382560157776,39.404371158559066,0.9673014207344055
1056423_X_000137.png,35.78956076265407,0.8965133929729462,39.213468520471324,0.9700320334653855,39.699321699561196,0.9731434114103317
1056582_A1_001701.png,33.86692689505002,0.907610709702015,34.34991294399256,0.9381682097785473,35.10670882475774,0.946595478379488
1056582_A1_001702.png,33.752772381699536,0.8823908730716705,34.76117714108887,0.9311446449792385,35.52979192609639,0.9377641011476516
1056582_A2_001703.png,33.62843366747941,0.8865718470144272,34.413196466055176,0.9350739951865673,34.538731260733776,0.9415678194208145
1056582_A2_001704.png,34.72041847229156,0.8989616539368629,37.0782909477734,0.9576296619405746,37.336059850699804,0.9604322806692124
1056582_A3_001705.png,34.95815301846231,0.896034904378891,37.16849463463086,0.9579600278396606,37.6632489803687,0.9611288127155304
1056582_A3_001706.png,34.9202673413133,0.8946997956671715,36.864596872568406,0.9531599933996201,37.33126674357737,0.9576300476016998
1056582_B4_001707.png,35.32566116054016,0.9088418291511535,37.25440632539984,0.9584091413879394,38.12263390693926,0.9650001369371414
1056582_B4_001708.png,34.73004482757409,0.9006192202377319,36.77711071796513,0.9514680795154572,37.16953565025271,0.9543854229841232
1056582_B5_001709.png,34.776489282176854,0.9143897105913162,36.24364334625775,0.9523337115259171,36.591999338743825,0.955353499712944
1056582_B5_001710.png,35.220654892920486,0.9134517600671053,37.63827561980252,0.9631097210474014,38.02298972780789,0.9666854102344513
1056582_C10_001719.png,34.880374909123304,0.892050724808693,38.03345510654196,0.9601817729167939,38.28588353984407,0.9626101478528977
1056582_C10_001720.png,35.12140834192878,0.9212843015475273,37.53124792642331,0.9633892037811279,37.7492942298454,0.966008335021019
1056582_C11_001721.png,35.73753606705016,0.9048690463809967,39.11995482738889,0.9688791168785095,39.37516654904203,0.9708242635622024
1056582_C11_001722.png,35.63360897515578,0.9010884760403634,38.249568331944616,0.9641127374019622,38.95286275352264,0.9696683629441262
1056582_C12_001723.png,35.19218712103215,0.9061527080688476,38.128677060888904,0.9631500701150895,38.41508656665783,0.9657977425899505
1056582_C12_001724.png,35.33895537717711,0.8965730912828446,38.81875115257329,0.9691658800859452,39.203734855748095,0.9714377697496415
1056582_C6_001711.png,35.334578872165515,0.896675566904068,38.136546458785915,0.9572391579589844,38.314838129519295,0.9591547587060928
1056582_C6_001712.png,34.996767679813644,0.8806282113614082,37.71370316863094,0.9538146982879638,38.38041582415603,0.9602410035572052
1056582_C7_001713.png,35.11230239215517,0.9015978501834869,37.467933568707586,0.9593775056653022,37.94864362423552,0.9639868603630066
1056582_C7_001714.png,34.846124746120395,0.9086586632046699,36.91776197400597,0.9567536941871643,37.52083562102746,0.9618444049196243
1056582_C8_001715.png,35.90668086737398,0.9099363234548569,39.94603650114193,0.9768689872121811,40.55905581739802,0.9800121860017776
1056582_C8_001716.png,34.903118096940126,0.8942568798046112,37.483109302541486,0.9555234764242172,38.066883840222815,0.9605321755142212
1056582_C9_001717.png,34.97239642375119,0.907866505440712,37.44463811302039,0.9588635834932328,37.83229379025333,0.961637433271408
1056582_C9_001718.png,36.13508131028664,0.9160795462126732,39.5721950233026,0.9776153472528457,39.84179312385612,0.9798254029340744
1056582_D13_001725.png,35.289686521325045,0.888630438987732,39.30562500916978,0.9693240035238266,40.123596468747394,0.9746830168085098
1056582_D13_001726.png,35.738463025911294,0.912487057264328,38.91113525424385,0.9694122356767655,39.598390820028754,0.9745166430110931
1056582_D14_001727.png,35.1496472058152,0.9087476477532387,38.44572331264467,0.9696171300001144,39.23732491584551,0.9749657035131455
1056582_D14_001728.png,35.04176343330103,0.8848156943373681,39.1743189928001,0.972741976603508,40.18684110011563,0.9780133629322052
1056582_D15_001729.png,35.2422196655826,0.8954293216371536,38.86215981067416,0.9679295116090775,39.652173621290046,0.9734979136695862
1056582_D15_001730.png,35.17428039413792,0.8868056562047004,38.84614423541339,0.9655238917598724,39.64475807838136,0.9704610683050156
1056582_E16_001731.png,35.26469413297162,0.8843103272554874,39.31105687534813,0.9681152616949081,39.791740990092215,0.9708443686952591
1056582_E16_001732.png,35.92663375211798,0.9071307413668632,39.715832797389176,0.9744624764051437,40.284513806160035,0.9774644390420913
1056582_E17_001733.png,35.50721262201663,0.8965828446011543,39.33991963450219,0.9699190552988053,39.84043731603478,0.9731471555404663
1056582_E17_001734.png,35.28712719396383,0.8960929717798233,39.005397708481674,0.96946143151474,39.60654671544405,0.9735906787481308
1056582_E18_001735.png,35.46174540971569,0.9121928765850067,38.83209495336781,0.971321435087204,39.497709434689,0.9754208766288758
1056582_E18_001736.png,36.63693076657411,0.9106645155172348,41.72779921133169,0.9840326538782119,42.201090686593275,0.9865997652301788
1056582_F19_001737.png,36.661524499452256,0.9055191137552261,42.27355709770771,0.9845576943464279,42.927225055839486,0.98735423432827
1056582_F19_001738.png,35.53881330394821,0.8959513637266159,39.45011162844563,0.9733562448301315,40.025715556663314,0.9767669880428315
1056582_F20_001739.png,35.94415012171539,0.906743762049675,40.3848013320689,0.9763686436920166,41.25807770208043,0.9808502318725586
1056582_F20_001740.png,36.447459792780194,0.9098703935441971,40.82306350452421,0.9778945173816681,41.467453221709064,0.9814497010393143
1056582_G21_001741.png,36.39164849529576,0.9046652054328919,41.65245186984301,0.9825144576339722,42.121550682746914,0.9848948314971924
1056582_G21_001742.png,36.28510731480304,0.9069798661823273,41.471641488062616,0.9812775566253662,42.18906223922068,0.9841439521780014
1056582_G22_001743.png,35.62623775930858,0.9081486700425148,39.490018279919596,0.9736549877376557,39.96554690537926,0.9764593811254502
1056582_G22_001744.png,35.23706880051207,0.8727967510528565,39.850764250808886,0.9714872459373474,40.70993333520547,0.9760371539831162
1056582_X_001745.png,35.11340687690356,0.8737325934629441,38.22151820574571,0.9534749131212235,38.69198922396292,0.9569276092996597
1056582_X_001746.png,36.4644003501908,0.9078768817214966,41.17437820684369,0.9794057694168091,41.51958707606485,0.9819926246757508
1056591_A1_001195.png,35.995608842146254,0.9089780315637589,39.75629398739014,0.9795853795719147,39.99659608795733,0.9802267899446487
1056591_A1_001196.png,34.44783193676382,0.9036613797373771,36.512364326308045,0.9695000314121246,36.84608567122095,0.9697610887012482
1056591_A2_001197.png,34.47679513122975,0.9119776812577247,36.76542303460624,0.9707274109716415,37.16110462344125,0.9711476029810906
1056591_A2_001198.png,35.22416494767728,0.9122459089426994,37.630290135277995,0.9716639971842765,38.203151576694886,0.9721370771985054
1056591_A3_001199.png,35.66492652972005,0.9110930157437325,39.23888991834208,0.9740052180213928,39.36726602942292,0.9749730865068436
1056591_A3_001200.png,34.21387679168352,0.9079816519026757,36.06681390758582,0.9625677153143882,36.36300035162188,0.966090384803772
1056591_B4_001201.png,35.80238411460779,0.9094315007224083,39.69785739712195,0.9789021701040268,40.01867838651032,0.9797554200959205
1056591_B4_001202.png,36.33810313987295,0.9110041434888839,41.04200600891427,0.983792118598938,41.4753472052578,0.9846618654165268
1056591_B5_001203.png,35.554707192630914,0.9146716569533349,38.66077649784835,0.972775475605011,38.77077775057523,0.9739347307968139
1056591_B5_001204.png,35.81142808068927,0.9190171785058975,38.943439841320846,0.9764381541700363,39.38829231468305,0.9781487033128738
1056591_C10_001213.png,36.079401089603365,0.9131232794194222,39.977341606388364,0.9782144668216706,40.37475749378561,0.9803828700156212
1056591_C10_001214.png,35.43830752742312,0.9157038399019242,38.54770451874468,0.975439364657402,39.20684114684272,0.9757908063278198
1056591_C11_001215.png,36.10374340441211,0.9175258224253654,39.86279416543846,0.9775799875888824,40.19738682870907,0.9801590434141159
1056591_C11_001216.png,36.045350904718205,0.915644634048462,40.26380194639843,0.979852889755249,40.80755837499292,0.9823352595033645
1056591_C12_001217.png,35.90678522371193,0.9144445806193352,39.60385734796228,0.9745042153720855,39.948150834567066,0.9770729250717163
1056591_C12_001218.png,35.983089487088584,0.9153405651259422,40.03321589512419,0.9804350359516144,40.24935789414415,0.9816908542289734
1056591_C6_001205.png,35.9284291187759,0.9208823694057464,39.16110932480264,0.9755928080425262,39.166909921727054,0.9762935090494156
1056591_C6_001206.png,35.28059653562782,0.9105088190207481,37.688498807985326,0.9651127568907738,38.36470118681463,0.9697910318975449
1056591_C7_001207.png,35.337746872115204,0.9191980260562896,38.430949621141856,0.9759333351697922,38.81848722799087,0.9778347718248367
1056591_C7_001208.png,35.702935541542416,0.9171245262145996,38.87529962482958,0.9754600992946625,39.37412515063673,0.977511068739891
1056591_C8_001209.png,35.66955753187072,0.9162872960882187,39.15489692766929,0.9762344520606995,39.64831856272472,0.9786160304756164
1056591_C8_001210.png,35.644971765174894,0.9181796821255684,38.25517024232817,0.9660760381641388,38.79547437246323,0.9700112040300369
1056591_C9_001211.png,35.66096563144508,0.9227446024308205,38.60902223608265,0.9707763970499038,38.8947248591868,0.972571247138977
1056591_C9_001212.png,35.983187342949606,0.9179379619050025,39.46059380154211,0.9748773508787155,39.97227542016379,0.9777206579227448
1056591_D13_001219.png,35.59734399612294,0.9135995649909973,38.962418463742,0.9720650537872314,39.7802257355966,0.9779375468969345
1056591_D13_001220.png,36.461981188483456,0.909205665063858,41.961841708456895,0.9846317809305191,42.45275021339008,0.9870756666288376
1056591_D14_001221.png,35.850797109981904,0.9179001039495468,39.42708725240112,0.9755201887578965,39.89015269051595,0.9783700391378403
1056591_D14_001222.png,35.72531662951734,0.9178914866137504,39.186199983145535,0.9732385732927322,39.73043348123748,0.9771919387254715
1056591_D15_001223.png,35.87821684906524,0.9215986748862266,39.24668868621826,0.9755349813919068,40.058170327694796,0.981100016784668
1056591_D15_001224.png,36.04844022859824,0.9149093890476226,39.75180647567641,0.9734242116832733,40.20419653927747,0.9757319319591522
1056591_E16_001225.png,36.467389918561466,0.9168339519486427,40.856126436364974,0.9802034035673142,41.293512870194355,0.9831025612335205
1056591_E16_001226.png,36.04867757051868,0.9130232821455002,39.79696991880367,0.9754953521995544,40.52312128799119,0.9800272496881485
1056591_E17_001227.png,36.1406081275348,0.916538308075428,39.86531264026222,0.9761180286426544,40.445306930646446,0.9789307534294128
1056591_E17_001228.png,36.45434803330198,0.9142354308705329,41.26078787057096,0.9816017865839004,41.74059175715261,0.9836869023046494
1056591_E18_001229.png,36.19912051136153,0.9153363992929459,40.342470969278196,0.9779162876853943,41.056097415481986,0.9818011608257293
1056591_E18_001230.png,36.37515278362586,0.9168707144775391,40.822952539812015,0.9809476348714828,41.382238379493266,0.9836745555639267
1056591_F19_001231.png,36.37105359244024,0.9161154093461037,40.93643686630551,0.9804571357574463,41.55930308755277,0.9834654229087829
1056591_F19_001232.png,36.10653649222592,0.9148539739761352,40.58933327955451,0.980914175617218,41.25296117648059,0.9839021386051178
1056591_F20_001233.png,36.62281931064063,0.9100733860220909,42.44358116347301,0.9846109421644211,43.0547341118163,0.9871366606731414
1056591_F20_001234.png,35.65862065504125,0.9125218106250763,39.46552001788032,0.974489269452095,40.26992476362569,0.980101449133873
1056591_G21_001235.png,36.71000960744458,0.9092581456890106,42.78272402807056,0.9859883794031143,43.381004515172876,0.9883232716112137
1056591_G21_001236.png,36.00906799618596,0.9092815603573322,40.65732886458366,0.9786822609968185,41.25754664285637,0.9824549758214951
1056591_G22_001237.png,36.44425040634197,0.911703889485836,41.21194918857454,0.9799827716293334,41.811291868244,0.9834736557121276
1056591_G22_001238.png,35.93681147872697,0.9083939586811066,40.44471996648266,0.9784296707134247,41.413594322449654,0.9838100029392243
1056591_X_001239.png,35.895812456816685,0.9160364071321487,39.11363486321625,0.9692774957647323,39.45070432404011,0.9718879284801483
1056591_X_001240.png,35.94608207302176,0.913311572883606,39.578442507261606,0.9759858119525909,40.072374750495705,0.9780766191396714
1056734_A1_000046.png,33.5012490480104,0.8917253541693687,34.15453806079343,0.9406774400194884,34.890485002714385,0.9501769712061882
1056734_A1_000047.png,34.33628091188301,0.9067238154006004,35.45630058859883,0.9539065884435177,36.03802775518136,0.959297032841444
1056734_A2_000048.png,31.30041156474239,0.8816346626423002,31.9594648315643,0.9313158808164597,32.08930046819097,0.9294416729232072
1056734_A2_000049.png,34.21826422867599,0.8995625189239979,35.39855454808931,0.955671891801402,35.75667473377887,0.9586710349628925
1056734_A3_000050.png,35.342150743391976,0.9042524658956528,37.3345863760045,0.9636982801208496,37.790653574055085,0.9665673201174736
1056734_A3_000051.png,35.06669405706165,0.9070804173984528,36.7945600466738,0.9575732411317825,37.54746375265767,0.9636920934867859
1056734_B4_000052.png,35.84523151358305,0.9133669849243164,38.69530807413274,0.9759126973547936,39.06198215612687,0.9782112779769897
1056734_B4_000053.png,34.665478704396136,0.910644105181694,35.924331317498954,0.9519904527211189,36.60969958993995,0.9570013792366981
1056734_B5_000054.png,34.84779234357358,0.9006083554387092,36.67561490875454,0.959100824865818,37.35370009420481,0.9635013289761544
1056734_B5_000055.png,35.5368229772711,0.9132170948286057,37.617617709675486,0.97041934111166,38.12792203102453,0.9734156359443664
1056734_C10_000064.png,36.174829919124264,0.914253539135456,39.91392654560876,0.9756254575834274,40.35236284997388,0.9783480111665726
1056734_C10_000065.png,35.98446992161848,0.907973690279007,39.208692466880116,0.9756353535852432,39.76780394696856,0.9785295424184799
1056734_C11_000066.png,35.658121578980484,0.9194752087316513,37.99784524258858,0.9689873753385544,38.794910456159734,0.9746574774522782
1056734_C11_000067.png,36.60883760512434,0.9093757255029679,41.56701526629384,0.985472125588417,42.262235618026274,0.9879210136766434
1056734_C12_000068.png,35.51586745949429,0.9120099861803055,38.14062911944294,0.9667623703794479,38.66523350459361,0.9702654449634552
1056734_C12_000069.png,35.848188632679175,0.912636300643444,38.84227058924488,0.9718793417720795,39.54424733197667,0.9754231687326431
1056734_C6_000056.png,35.46583132264103,0.9150080776495934,38.12620034506741,0.9711414246501923,38.46793214192237,0.9730863981618881
1056734_C6_000057.png,35.52103538703124,0.9158268208947181,38.39432816441439,0.9701741523332595,38.812799773447445,0.9723173606004715
1056734_C7_000058.png,35.804562135467876,0.9122856960229874,38.34119678544075,0.972586655453682,39.121644513220645,0.9762034946908951
1056734_C7_000059.png,34.92362065965024,0.9162900778856278,36.25923606461966,0.9587907307920456,36.81187950539741,0.9631230735993386
1056734_C8_000060.png,35.52361043035984,0.9145168431081772,38.12320933514532,0.9733923137903213,38.31171402428395,0.9760024236745835
1056734_C8_000061.png,35.42998820061503,0.9129801975078583,37.920299116669966,0.9713147160797119,38.830295893617134,0.9748458712959289
1056734_C9_000062.png,36.45825646343844,0.9136095768523216,40.21143406294205,0.9796717827553749,40.710641461862025,0.9822583591132164
1056734_C9_000063.png,35.93317702088335,0.9134039329843521,38.80101500425455,0.9719022676935196,39.29059938560594,0.9750426943149567
1056734_D13_000070.png,36.12655825373682,0.9104712973966599,40.14222689563168,0.9752171572694779,40.57908523444386,0.9780124548892974
1056734_D13_000071.png,36.14320938849965,0.9056391294813156,40.45058330676136,0.9770598123378753,41.003764208540964,0.9802329676752091
1056734_D14_000072.png,36.57913501534977,0.9137712127289772,40.95210520822079,0.9812899913864136,41.449217199948755,0.9839389355792999
1056734_D14_000073.png,36.787666036636736,0.9136822547445297,41.50604425039789,0.9823817214040756,41.723947606505504,0.9842435299625397
1056734_D15_000074.png,36.581632595311376,0.9122614336800575,41.196873836679615,0.9820511406908036,41.59171885546013,0.9841923074817658
1056734_D15_000075.png,35.88913622296044,0.9139569353318214,39.06877871255973,0.9705208075847626,39.79246964326845,0.9745827513847352
1056734_E16_000076.png,36.393632688672724,0.9107676158719062,41.04918885352211,0.9787990401134491,41.61718488510112,0.9815124413814544
1056734_E16_000077.png,36.24355092362105,0.9119537822556496,40.69604651864397,0.9799463582515716,41.207008022898854,0.9827926800527572
1056734_E17_000078.png,36.472104532852335,0.9141557147073746,40.45489289045834,0.9782375002717972,40.67637650182203,0.9804353634386063
1056734_E17_000079.png,36.100886194799116,0.912250883163929,40.167880894108016,0.9776172840490341,40.919602984522214,0.9823408383674621
1056734_E18_000080.png,36.37017927792228,0.9171120222229957,40.40734173958483,0.9782753807945251,40.83211391639289,0.9811576982011795
1056734_E18_000081.png,36.87001200087505,0.9161794471216201,41.35422432793816,0.9799737938222886,41.86356810848277,0.9829870229597092
1056734_F19_000082.png,36.66752216298238,0.9085847552528381,42.015762740148936,0.9817267254924774,42.42856310854219,0.9833575741872788
1056734_F19_000083.png,36.40450540395699,0.9083685756907464,41.28056045448419,0.9802200397081375,42.03036060707501,0.9833419879808426
1056734_F20_000084.png,36.320680085686654,0.907207142159462,41.46936814453855,0.9808555610609054,42.19691420549858,0.9838590868768692
1056734_F20_000085.png,36.540420396389315,0.9089530538272858,41.95889685920876,0.9826657131500244,42.695769488477076,0.985417648402214
1056734_G21_000086.png,36.3346331014038,0.9096943506422043,41.60613665478973,0.9826621031160354,42.16324281585837,0.9851691584653854
1056734_G21_000087.png,36.68361492446801,0.9077316295199395,41.985988774284166,0.9830162260389328,42.318236225458456,0.984995952296257
1056734_G22_000088.png,36.110674167896654,0.9104724849600792,40.36424944088089,0.9769374471139908,40.924479930109065,0.9807738749580384
1056734_G22_000089.png,35.87385349262234,0.9100100608234406,39.81337933132933,0.9747945580530166,40.28093541309899,0.978175526254654
1056734_X_000090.png,35.88027225921556,0.9074053365001679,38.73693057538017,0.9749470063414574,39.16351250049183,0.9776745058465004
1056734_Y_000091.png,36.53058802029442,0.9116402011947632,41.343157812049,0.9807519794816971,41.7061894338438,0.9827267857532501
1057063_A1_001977.png,34.367964718024794,0.8677791258835793,36.375594115755064,0.9418193328394889,37.118762985226894,0.9489112267341614
1057063_A1_001978.png,34.290768293584215,0.8930215362105369,35.159387978781325,0.9278104948425293,35.844608058320965,0.936250446940422
1057063_A2_001979.png,34.677938754964366,0.887927987830162,36.30858620513381,0.9437494505567551,36.929631389036516,0.9496727740240097
1057063_A2_001980.png,33.80898511993528,0.8797300506267548,34.47790738674051,0.9196986063644886,35.00645954698281,0.9276710858159065
1057063_A3_001981.png,35.12105120924766,0.8750660443663597,38.737631799317995,0.9645041271305084,39.333761015195776,0.9668348675155639
1057063_A3_001982.png,34.976534895729415,0.8856228366456032,37.78530796241882,0.9591138481998444,38.49177467922245,0.9638867373809814
1057063_B4_001983.png,34.37837203689746,0.8589899379758835,36.219175070581294,0.9373488917832374,36.89243603970317,0.9442211682462692
1057063_B4_001984.png,34.59894896333415,0.85344040067482,37.72417239570266,0.9493534974961281,38.49606840233665,0.9555852162261009
1057063_B5_001985.png,35.08427817530067,0.8613758720731736,38.364484446642706,0.9559347054862976,38.97567267061837,0.9588548946065902
1057063_B5_001986.png,34.84768925037318,0.8666051578226089,37.775826275545015,0.9496735656147003,38.22994413927462,0.9530314059867859
1057063_C10_001995.png,35.19563268744801,0.8648244428591728,38.97812861648677,0.9613275735940934,39.49990717270496,0.9640782275447846
1057063_C10_001996.png,34.778337454578704,0.8957060361771584,37.36679111588026,0.9562665414943695,37.805139087713385,0.9603807813463211
1057063_C11_001997.png,34.81990834265031,0.8858659091486931,37.3961075251471,0.9557650360126495,38.225031536114365,0.9631230099411011
1057063_C11_001998.png,35.178531014427044,0.8606123738703728,39.08109157265942,0.9660986462173462,40.10174772476155,0.9716705647802353
1057063_C12_001999.png,35.03190486836543,0.9007981399064064,37.52944746090857,0.957045518658638,38.108060617068666,0.9615154846410752
1057063_C12_002000.png,34.889928822223425,0.887778064163208,37.20594606840135,0.9518030706367493,38.305997506218034,0.9612651707057953
1057063_C6_001987.png,34.78947791452532,0.8625207142477036,37.60219463801292,0.9490599714670181,38.566565306883255,0.9569702755846977
1057063_C6_001988.png,34.807907156380786,0.8814372862915992,37.22253217023224,0.9505305348031521,37.92471454804519,0.9565032326538265
1057063_C7_001989.png,34.44745193181861,0.8818866501517296,35.99931062268272,0.9399798583641052,37.15360547931332,0.9504880570631027
1057063_C7_001990.png,34.87336091522475,0.8721472033433915,37.56983958056225,0.9544518300786018,38.482588673611595,0.9612106244478226
1057063_C8_001991.png,35.1499314216223,0.8918607109875679,38.158225836819014,0.963185494688034,38.83171349808205,0.967388023308754
1057063_C8_001992.png,34.85068279702436,0.8703866854388714,37.89841625183537,0.9546032108049393,38.51965327107021,0.9589757761306763
1057063_C9_001993.png,35.22322621474072,0.8584100194606781,38.74904729330472,0.9613797868251801,39.69125563370084,0.9671252330665588
1057063_C9_001994.png,34.864154424430815,0.893512271027565,36.77171853146986,0.9520234593071938,37.618094824609585,0.9595396944961548
1057063_D13_002001.png,35.08412330224526,0.8846218254833221,38.45646025195913,0.9624820884695053,39.08505225238871,0.9666899637861252
1057063_D13_002002.png,34.988789963871085,0.867762201567173,38.65796259724619,0.9634258402967453,39.49707428202415,0.9685617717847824
1057063_D14_002003.png,35.05160486092538,0.8899490503163338,38.117385466991564,0.9639681102743148,39.08015963175781,0.9706617543354035
1057063_D14_002004.png,35.12888372183422,0.8764575487718582,39.029064473759504,0.966263276638031,40.00699541247617,0.9721335187101364
1057063_D15_002005.png,35.27023343159539,0.8885075155963897,38.70646154841782,0.9664257377529144,39.31506775507523,0.9701301533060074
1057063_D15_002006.png,35.13685109136435,0.8704157343478203,39.37546666852479,0.9697517909326553,40.473832820896234,0.9755320759401321
1057063_E16_002007.png,35.23826371164179,0.8903754809045792,38.60442309535963,0.9646406619930268,39.61711536397867,0.9714429513349533
1057063_E16_002008.png,35.15690577581409,0.8838318032608032,38.78533865171618,0.9630341820459366,39.364412878158966,0.9668670399961472
1057063_E17_002009.png,35.39961514781745,0.8825696253180504,39.291439274778305,0.9675853960866928,40.11480839497264,0.9722834588575363
1057063_E17_002010.png,35.34042810837977,0.8890092399640084,39.169813158868784,0.9675125256948471,39.834969045356786,0.9713219570894241
1057063_E18_002011.png,35.252222889902484,0.8795572483382225,39.46826048571649,0.9687714106931686,40.34587991353468,0.9735889486103058
1057063_E18_002012.png,35.151549305910585,0.8847723285541534,38.810993759933886,0.9665971879234314,39.90461459394173,0.9738585151901246
1057063_F19_002013.png,35.23592396813558,0.8631886907334327,39.96615370436637,0.972598908331871,40.696070546258,0.9758493187732696
1057063_F19_002014.png,35.16619956769395,0.868314457347393,39.83212482278432,0.9703833655900955,40.58596136771471,0.974472767206192
1057063_F20_002015.png,35.23592846451775,0.8631953091459275,40.14984740641623,0.9693383524503708,40.88526797082885,0.9725833440103531
1057063_F20_002016.png,35.17755956635011,0.8597128413305283,39.96382848187404,0.972247951133728,40.89282172482002,0.9764561485500336
1057063_G21_002017.png,35.37367579014826,0.8616265825409889,40.4509227660848,0.9760910289468765,41.55962427127492,0.9797764880590439
1057063_G21_002018.png,35.26708411922189,0.8697117753939628,40.50908510722239,0.977426513379097,41.48592384839829,0.9818426908016205
1057063_G22_002019.png,35.27814981973253,0.854801931470871,40.775227334556796,0.9773815309123993,41.821728139788526,0.9809849770002365
1057063_G22_002020.png,35.38473138356628,0.8522292522563935,40.6497238515429,0.9752342516975403,41.81952737455128,0.9787985431966781
1057063_X_002021.png,34.77575770405424,0.8685020600261688,37.78598740839784,0.9525959798345566,38.46403108007478,0.9581774220628738
1057063_Y_002022.png,35.49020863159957,0.8801291664686203,39.798896386123204,0.9710659877691269,40.79850975284296,0.9765335792093277
1057132_A1_000460.png,35.498254433210505,0.9093679801659584,37.69222297940622,0.9617126417508125,38.30325935496924,0.9639971291575432
1057132_A1_000461.png,35.43749207083836,0.9119849707350731,37.711650972020564,0.966549542116642,37.99210989796411,0.968201487552166
1057132_A2_000462.png,35.18821158771377,0.8989786246995926,37.82833003247488,0.9533229050426483,38.088420788354156,0.9556205100317001
1057132_A2_000463.png,34.255914654105965,0.9066305568599701,35.36211462357799,0.93778283213377,35.78432482440234,0.94237103403759
1057132_A3_000464.png,35.64436781762814,0.9011600730142594,38.66151004144874,0.9601463827486039,38.910611518732196,0.9628248717222214
1057132_A3_000465.png,35.958073865787455,0.9194130880694389,39.827538257980045,0.9826252794904708,40.32478589912276,0.9833785642800331
1057132_B4_000466.png,34.57193676716026,0.9128070506825448,35.91716023623337,0.9475339660167694,36.32498650762973,0.9504964545373916
1057132_B4_000467.png,34.91728178822898,0.9097147680854797,36.594259555499555,0.9504883088011742,37.16091890949203,0.9552963027734757
1057132_B5_000468.png,36.28403173163574,0.9079574257535934,40.26746392091304,0.9721423905181885,40.535059018349244,0.9735847120685578
1057132_B5_000469.png,35.05122479786531,0.8754796262664795,37.82464157948995,0.9411065742440223,38.050212170588246,0.9434749766573906
1057132_C10_000478.png,35.062041770781846,0.8598859432816506,38.581896813672614,0.9492014021024704,39.236342113485236,0.9532699843730926
1057132_C10_000479.png,35.39892884559777,0.8865471826348305,38.31730017582058,0.9506457674036026,38.55546551910762,0.9523777361049652
1057132_C11_000480.png,35.038935608227526,0.8768956178350449,38.06385511615744,0.9499361850509643,38.59775485515102,0.9539843030338288
1057132_C11_000481.png,35.23797172084196,0.9115546288056373,38.198666038520145,0.9624767810935975,38.585375352726224,0.9657872482061386
1057132_C12_000482.png,36.27817686703239,0.9156194626674652,39.743661544066036,0.9719002446660996,39.93304169472571,0.9730758494873046
1057132_C12_000483.png,36.27081552910858,0.9195965997629165,40.739375416457555,0.9781333362979889,41.34293576120638,0.9803737896633148
1057132_C6_000470.png,35.12060568903711,0.9103329263472557,37.3226427977147,0.9535225796203614,37.599132656416316,0.9555861366691589
1057132_C6_000471.png,34.955704445922095,0.9124943056197167,37.32461828344534,0.9597622393188476,37.77906371618714,0.9636995042710305
1057132_C7_000472.png,36.25393417579745,0.9138072837591171,40.55597390253545,0.9762513963136673,40.87571933614514,0.9770857078723908
1057132_C7_000473.png,35.491669839498314,0.8705951228723526,38.97598666244602,0.9541648429288864,39.28311921746422,0.9563506821241379
1057132_C8_000474.png,35.32333900451817,0.9030204872102737,38.58636159012184,0.9641319486827851,39.023892498531076,0.967167163561821
1057132_C8_000475.png,35.95296680467139,0.9255749428491592,39.53810371531572,0.9778854446926117,40.06429947884974,0.9794104925136566
1057132_C9_000476.png,35.643263818190775,0.8976825136475564,39.505405580741446,0.9670328470983506,40.20000056511317,0.9715902535657883
1057132_C9_000477.png,35.03967892141498,0.9053955071830749,38.06224323846997,0.9619526448526382,38.9099534723879,0.9684582257509231
1057132_D13_000484.png,35.13057354928477,0.8832714090900421,38.38651262017295,0.9580349024372101,39.25770433344013,0.9635302278385163
1057132_D13_000485.png,35.153443864390994,0.8888934000444412,38.93630201130233,0.9664750055732727,39.630114174491865,0.9714402787094116
1057132_D14_000486.png,36.463455964465275,0.9256165478930474,41.063603052584114,0.9814404097738266,41.74270712663549,0.9836388703155517
1057132_D14_000487.png,35.29973618186888,0.9013920649647713,39.23576922450871,0.9718617835512161,40.24551714428298,0.9779383741178512
1057132_D15_000488.png,35.4065338434232,0.8866214517865181,39.284959818719805,0.9640267749538421,39.5947780983663,0.9664571312971115
1057132_D15_000489.png,35.06049352340903,0.9034910056128502,37.9081569853397,0.9589343106107712,38.61636000061905,0.9645688608121872
1057132_E16_000490.png,35.883860808469116,0.9067867491989136,39.578470373003114,0.9716891220588684,40.14706334997888,0.9747855221586228
1057132_E16_000491.png,35.09153536708109,0.890363627834797,38.7842907646992,0.9664905188941956,39.45556538735446,0.9708885103635788
1057132_E17_000492.png,36.00538220827508,0.9187476660494804,40.37933699449983,0.9794647982788086,41.32420468587914,0.9835794732017518
1057132_E17_000493.png,36.878748000721835,0.918089321108818,42.98933518874239,0.9860050848760605,43.60991714207326,0.9875614661426544
1057132_E18_000494.png,35.305827327549345,0.878004070248127,39.71518379473478,0.9710120964403153,40.446267036856966,0.97503593034935
1057132_E18_000495.png,36.85173965589887,0.9273941350784302,42.28813423298688,0.9867823019113541,43.22890859152363,0.9891369418525696
1057132_F19_000496.png,36.70516828649505,0.9141699379787445,43.007283217792356,0.9864142204999924,43.85823013521269,0.988085189198494
1057132_F19_000497.png,35.31102824324937,0.8763981457614899,39.95364264427061,0.9738779794034957,40.93066257357382,0.979353791671753
1057132_F20_000498.png,36.12024655912766,0.9116858989138603,40.45035728958094,0.9794310296916962,41.17666257788884,0.9824034806585312
1057132_F20_000499.png,35.953575820098436,0.8987973664898873,40.46874375188776,0.9743602781562806,40.95320921097176,0.9768297188920975
1057132_G21_000500.png,36.006789518713795,0.9112822293567657,40.821080637562915,0.9807362104072571,41.652079028926025,0.9843554568214417
1057132_G21_000501.png,35.327408260835135,0.8568332108163834,40.54253531875911,0.9742737696018219,41.07448790649603,0.9754409547491074
1057132_G22_000502.png,35.805105891023985,0.9047197723674775,40.615710870403426,0.978768191728592,41.42198476552886,0.983409472998619
1057132_G22_000503.png,35.360434966536516,0.8850556732926369,39.733815712460014,0.9743210832767487,40.72281731701422,0.9810688137264252
1057132_X_000504.png,36.626575410800406,0.9309651446409225,41.39350302478558,0.9854349302825928,42.06937617946391,0.9875394793071747
1057132_X_000505.png,35.48466525481456,0.8948620756301879,38.628567951217036,0.9606093943357468,38.988563485438746,0.9635560808601379
1057161_A1_000690.png,34.00107554931911,0.8404236593914032,35.67889618346059,0.9002055822744369,35.963264112468224,0.9031161879687309
1057161_A1_000691.png,33.02595491025055,0.8501350954390168,33.84075284177299,0.8873875367919206,34.07143533543573,0.8908030435721874
1057161_A2_000692.png,33.072080422970686,0.8417935947599411,34.415063698730634,0.9008340091950894,34.68479650981044,0.9050702775969506
1057161_A2_000693.png,34.177331117848425,0.8698820857768059,35.84374291582471,0.9230239143648148,36.267862288504475,0.9270546976408959
1057161_A3_000694.png,33.6862043452069,0.8531803543441295,35.03368169086576,0.8996715307759643,35.50925901247415,0.9070004584336877
1057161_A3_000695.png,34.773950783371205,0.8807868094377518,36.945203462280006,0.9355729156694412,37.22082312772581,0.9372447720460891
1057161_B4_000696.png,34.13852788334929,0.8664452816495896,35.78876703610155,0.9225940304346084,36.48623425623258,0.9299613806743622
1057161_B4_000697.png,33.03659763292981,0.8360526975662709,34.502478567934645,0.8927837003507614,34.92306567779075,0.90024165335989
1057161_B5_000698.png,34.35055547890737,0.8726489799408913,36.06658721350628,0.9201496721515655,36.20668152912189,0.9204603409075737
1057161_B5_000699.png,33.27883162168635,0.8294109264473916,34.4056971676847,0.8814844841594696,35.21345513184249,0.8956746263403893
1057161_C10_000708.png,34.507657437943166,0.8739073591718673,36.257268197313934,0.9231941201496124,36.974398028450715,0.932114969280243
1057161_C10_000709.png,34.323701475511534,0.8577049467835426,36.34413661634865,0.9184185865006447,36.92498034018362,0.9254637425618172
1057161_C11_000710.png,34.49089628698474,0.874213909948349,36.38099428614515,0.9255473765907287,36.70517488333745,0.9282467165727616
1057161_C11_000711.png,34.56512525186732,0.868163182539463,36.516708075198835,0.9236873745117188,36.96454860816739,0.9291210600214005
1057161_C12_000712.png,34.826413822698974,0.8418050857639313,38.36233810518817,0.9351660506663323,38.75843247214592,0.9371113169827461
1057161_C12_000713.png,34.633678423839484,0.854920329146862,36.77448185677307,0.9169488764514923,37.01410375759252,0.9181980157136918
1057161_C6_000700.png,34.610595677638344,0.8603611366710663,37.39512833551801,0.9363888027048111,37.79140786891037,0.9393624198775291
1057161_C6_000701.png,34.245721119014185,0.8341440652570724,36.278793906532556,0.9018170671830177,36.66094563379102,0.9055444453668594
1057161_C7_000702.png,34.388096983733206,0.8469660315704346,36.71059522059172,0.9176357497181893,37.265458128702264,0.9230335901269913
1057161_C7_000703.png,34.236861300275315,0.8581631801123619,35.937748976084116,0.9121069139351845,36.36994002737366,0.9163867866029739
1057161_C8_000704.png,34.48121203366889,0.8706943348755837,36.596670383361825,0.9251628308677673,36.805877295927104,0.9273055089485646
1057161_C8_000705.png,34.873840207378905,0.8607407798409462,37.64031151699427,0.933845433623314,38.270438321029395,0.9413671305208207
1057161_C9_000706.png,34.94889755771803,0.8572662999019622,37.26599017357168,0.9304513681540489,37.800715039082135,0.934635174580574
1057161_C9_000707.png,34.62723383513085,0.8727193628993034,36.61776521323483,0.9339050022115707,37.58156680139284,0.9446542960128784
1057161_D13_000714.png,34.89987623792651,0.8697105519022942,38.17772251146664,0.9469112726488114,38.60658180336116,0.9499273257427215
1057161_D13_000715.png,34.60917496188186,0.8638853132641912,37.09021167881472,0.935312318589747,37.64354446591213,0.940637078199923
1057161_D14_000716.png,34.93353667345141,0.8613071779985428,37.932013812438406,0.9392086000871658,38.58387492214871,0.9455173421154022
1057161_D14_000717.png,34.956962740515436,0.8875430940065384,38.19243089354995,0.9532245766963958,38.48675108204702,0.9554273541202545
1057161_D15_000718.png,34.93124185664183,0.8826569922089577,37.897800732431335,0.9465539611959457,38.25514305995172,0.9491929072618485
1057161_D15_000719.png,34.93379981892643,0.8845261302585602,37.756279746375526,0.9464886456575393,38.04429658694672,0.9484414257421494
1057161_E16_000720.png,34.96292832352034,0.8580483420040608,37.91244686328339,0.9356090368432999,38.41427333883776,0.940743231376648
1057161_E16_000721.png,35.1337136057472,0.8693749026012421,38.489089550280006,0.9527954908771515,39.03872424166655,0.9555366718387603
1057161_E17_000722.png,35.08198455037691,0.8527967697644234,39.05525442536867,0.9523159119768143,39.373507887461166,0.9533619566259384
1057161_E17_000723.png,35.244104337669604,0.8776511762647629,38.732422417276084,0.9564600644235611,39.44649448032858,0.9618614533166885
1057161_E18_000724.png,35.15786924783583,0.8644899847807884,39.09591326675209,0.9560567754526138,39.43713835440428,0.9563416919174195
1057161_E18_000725.png,35.13376018231663,0.892933187828064,38.64805231839999,0.9633309510278701,39.539633977287856,0.9701488878297806
1057161_F19_000726.png,35.146995863726026,0.8557795995807648,39.216130850157626,0.9562711661233902,39.66705273066228,0.9583107088680267
1057161_F19_000727.png,35.18798252335823,0.87082382822752,39.800463212224386,0.9700987761907578,40.35760489517459,0.9738823964939117
1057161_F20_000728.png,35.00760119726191,0.8621828989186286,39.1376332535359,0.9576029643106461,39.63370067308818,0.9595770021343231
1057161_F20_000729.png,35.4409963824037,0.8736863629493713,39.44507747020283,0.9627267852210999,40.031665834374984,0.9649306081981659
1057161_G21_000730.png,35.25900106623821,0.860786628964901,39.43157352708483,0.9566232563591004,39.97059505441224,0.9597763629264832
1057161_G21_000731.png,35.265612875040276,0.8650947059030533,40.08949621417269,0.9703261056537629,40.69184970190258,0.972526554646492
1057161_G22_000732.png,35.26366078076623,0.861568280418396,39.472040370531445,0.9612921920385361,39.778143550616605,0.9620931012401581
1057161_G22_000733.png,35.12771244464104,0.8719586646070481,39.79504507767744,0.9678864705314636,40.46819894461399,0.9726601888971329
1057161_X_000734.png,34.665903829513255,0.861496095960617,37.43763893374023,0.9336528257317543,37.76416582315304,0.9358705118250847
1057161_Y_000735.png,35.174320122060635,0.8720637799568176,39.44269202393431,0.9642302207250595,40.20076876447723,0.9690929566774368
1057515_A1_000276.png,33.71196779088032,0.8811477062294483,34.76234285291013,0.9190660578980446,35.454793995033626,0.9297612289867401
1057515_A1_000277.png,35.231528671378186,0.869772215303421,37.813441200552454,0.9419884186344146,38.08118873462386,0.944577521905899
1057515_A2_000278.png,35.0398291234808,0.8719707614984512,38.25490448851359,0.9513249915161133,38.68209935924396,0.9548620768671036
1057515_A2_000279.png,34.82369793180924,0.8630977449760437,36.58743620253917,0.9259887041110992,36.80610218801987,0.9299132924237251
1057515_A3_000280.png,34.83748128415226,0.8789285280418396,37.42569616781006,0.9435712371625901,37.64083255842251,0.9451321418752671
1057515_A3_000281.png,35.2421114695179,0.8730008829307556,38.953984239750795,0.961557872551918,39.46135035646711,0.9645811994161606
1057515_B4_000282.png,35.01157987718956,0.8636569665288926,37.77507525677627,0.9407768073539734,38.041699240369255,0.9428342257289887
1057515_B4_000283.png,35.04194732210023,0.8872018725204468,37.721060141386864,0.9505835987300872,37.979970441647495,0.9528983711872101
1057515_B5_000284.png,34.831823432609234,0.8853904344899655,37.16350151934422,0.9443810397615433,37.59650710122873,0.9488526513242721
1057515_B5_000285.png,35.328926886483636,0.8821900938997269,38.5498644475584,0.9576525340623856,38.850107684311915,0.9601839572610855
1057515_C10_000294.png,35.54462709868097,0.8811814480352401,39.478380262323554,0.9660857859382629,39.96195926205361,0.9680215943698883
1057515_C10_000295.png,35.11615615074416,0.8612695367450715,38.48970148822691,0.9518167290272713,38.81919402508275,0.9539493646879196
1057515_C11_000296.png,35.384160771529864,0.8686085419869423,39.188457032698246,0.9613356476507187,39.55062029527047,0.9635055064935685
1057515_C11_000297.png,35.36852378775597,0.8655444751667977,39.667147137751485,0.9670658575220108,40.09190016611476,0.9684715726604461
1057515_C12_000298.png,35.44430849464686,0.8739058424153328,39.07668973198129,0.9581044479169846,39.35329938272386,0.9601423836994171
1057515_C12_000299.png,34.920968810964176,0.8723283979105949,37.58946947621416,0.9465063326120376,38.506454043514154,0.9540098606901168
1057515_C6_000286.png,35.29815738854931,0.8670675660867692,38.57637899190885,0.9518454348917007,38.704139628128736,0.9526229019002914
1057515_C6_000287.png,35.1050309541998,0.8667586730294228,37.30607105237028,0.9336495975151062,38.010254675882166,0.9427840432186126
1057515_C7_000288.png,34.78809886590886,0.8708342258272171,37.535441013989235,0.9431400836668015,37.93145071226527,0.9474640497455596
1057515_C7_000289.png,35.30235452864361,0.8765662675976753,39.34154843854453,0.9639945031118393,39.89752231526715,0.9672569513339996
1057515_C8_000290.png,35.388545564964424,0.8682201305723191,39.24957741415224,0.9585894307422638,39.661600408444855,0.96157199020195
1057515_C8_000291.png,35.18128830650699,0.8716996516723633,38.61563427006186,0.9574771559991837,38.94720523408584,0.9590820231437683
1057515_C9_000292.png,35.2490874434373,0.8767674270853997,38.9844399271782,0.9614767448663711,39.545330379990695,0.9647638003501892
1057515_C9_000293.png,35.24316045511973,0.8551786468701362,39.69254686863943,0.9655254711990356,40.39570550831213,0.9690323850402832
1057515_D13_000300.png,35.22970844210193,0.8726849909067154,39.10472787074561,0.9621032904872894,39.52230837337158,0.9638701559619903
1057515_D13_000301.png,35.24443166264137,0.8752169517521858,38.876188954023114,0.9627626986474991,39.499652924818804,0.9657609351034164
1057515_D14_000302.png,35.19142186170445,0.8664772669558525,39.48379722708169,0.9642803843259812,39.95268511550666,0.9673854306325912
1057515_D14_000303.png,35.443369847305355,0.8740068869547843,39.5834675527212,0.9656903457250595,39.875768760538136,0.9668306318721771
1057515_D15_000304.png,35.311174355525225,0.8740884829621315,39.0291787107413,0.962943299443245,39.720704014488135,0.9672374535751342
1057515_D15_000305.png,35.432146630564574,0.8766818008422852,39.65706821828867,0.9671226044578553,40.43673417175734,0.9706776808633805
1057515_E16_000306.png,35.11833791355214,0.8521610467200279,40.22183600528206,0.971080381972313,41.07078284989989,0.9747850761842728
1057515_E16_000307.png,35.604755537307625,0.8694854066758155,39.966123413600215,0.9714849398546219,40.56872250751074,0.9752714616336823
1057515_E17_000308.png,35.260099420359346,0.864581341527462,39.57626992487591,0.965762478796959,40.458878446566516,0.9702234777870178
1057515_E17_000309.png,35.2273768175464,0.8583119811544418,39.91389684347795,0.9681935298080444,40.475083484000336,0.9700772042350769
1057515_E18_000310.png,35.24077721810548,0.8659806374258995,39.988711550743744,0.97097871737957,40.79197440075181,0.9749570070562362
1057515_E18_000311.png,35.438187244130425,0.8675801152062416,40.50661090654825,0.9743580460309982,41.255205891884785,0.9780146308975219
1057515_F19_000312.png,35.30844629140766,0.8525521771540642,40.533388139778815,0.9739962877140045,41.19590751499743,0.9766689474458694
1057515_F19_000313.png,35.193583350154,0.8739396259608269,39.517344671941004,0.9663591882266999,40.26892760065236,0.9724050352487564
1057515_F20_000314.png,35.45221938984594,0.8651606376047134,40.2794790461983,0.9725984983139038,41.020773792565066,0.9759632601652145
1057515_F20_000315.png,35.38314840556345,0.8662611760568619,40.35980772182198,0.9736061048030853,41.10417780291446,0.9767916873493194
1057515_G21_000316.png,35.46553072755669,0.8635331390776634,40.61527673540706,0.9751729301767349,41.32977992180551,0.9781190297651291
1057515_G21_000317.png,35.381506019757495,0.8560702664647102,40.89790672951306,0.9783975309915542,41.72402362803958,0.9816836556806564
1057515_G22_000318.png,35.3398575116976,0.8550312923231125,40.33189798251066,0.9745366047821045,41.31099535030778,0.9779241197652817
1057515_G22_000319.png,35.41996575438093,0.8634561543841363,40.794139581858246,0.9765508462734223,41.83355698344825,0.9816670195417404
1057515_X_000320.png,35.192678110224975,0.8639386739783287,39.32888609285957,0.9634705083646774,39.88621988733606,0.9664195731039047
1057515_X_000321.png,35.28817754447932,0.8633293620452881,38.86626358980761,0.9527823638000489,39.52898733925252,0.9589785927276612
1057793_A1_001287.png,34.96268194043457,0.8701488717284203,38.08312829421567,0.9529462447452545,38.715800644777914,0.9560975054578781
1057793_A1_001288.png,35.49170632069358,0.8961109686079025,38.675280672106936,0.962286993932724,39.06978233928438,0.9649655824213028
1057793_A2_001289.png,35.96617637973951,0.9032031469459534,39.50286928306235,0.9690999108047486,39.71133938352728,0.971017499669075
1057793_A2_001290.png,34.8170443078395,0.8895429736480713,36.84069584673883,0.9417498522777558,37.414016193405175,0.9495733147087098
1057793_A3_001291.png,35.17355861670675,0.8894127020254136,38.65461196832269,0.9609927990236282,39.062516365325656,0.9637694059333801
1057793_A3_001292.png,34.86862285638645,0.8933754931015968,37.193351922608244,0.9545671859827042,37.22947338772447,0.9547840040798187
1057793_B4_001293.png,36.051230846303206,0.8852135971670151,40.685174247763925,0.9697388246097565,40.8274509527439,0.9714990802545548
1057793_B4_001294.png,35.103071290414775,0.8551984417376518,38.75889201478084,0.9533466823678016,39.28314522597323,0.9582564082026481
1057793_B5_001295.png,35.22752971362748,0.9034003477954865,37.85580481212444,0.9598727569999694,38.2159932654336,0.9628037773752213
1057793_B5_001296.png,35.201388372615924,0.8824042673797607,39.19970701856387,0.9677067728319169,39.71216893641936,0.9701464666929245
1057793_C10_001305.png,35.44104142626836,0.885010585272789,39.0298796225707,0.9643735290699005,39.435419841954335,0.9671822666606903
1057793_C10_001306.png,35.89259332281246,0.8991542022595406,39.719480941390444,0.9707858033361435,39.941630480072575,0.9725138025970459
1057793_C11_001307.png,35.48892333925616,0.8925409150829315,39.263953893710365,0.9663724088354111,39.551677094210675,0.9690121383476258
1057793_C11_001308.png,35.516775567390226,0.8773669864315987,39.38617738939928,0.9641107069501876,39.9001807414415,0.9680622846822738
1057793_C12_001309.png,35.52779846755587,0.8871573696646691,38.925618128327024,0.9606289491548539,39.201461945367484,0.9629234866285324
1057793_C12_001310.png,35.949137616163476,0.8965775181879997,39.770567810524156,0.9707864390745163,40.49496820039423,0.9756962896881104
1057793_C6_001297.png,36.10108369679428,0.8945545633378029,40.649865871009126,0.9727257230167389,40.85354582524595,0.974569994102478
1057793_C6_001298.png,35.205480688275415,0.8726810744652748,38.644433837042996,0.954590836227417,39.013259030530925,0.9569437555265426
1057793_C7_001299.png,35.48072710864288,0.8773289967131614,38.73241510384341,0.9587392755842209,39.08949604148579,0.9621205579433442
1057793_C7_001300.png,35.35921448898933,0.8843496806969643,39.11671070627524,0.9653754752941132,39.41281143183287,0.9670114985208511
1057793_C8_001301.png,35.78979446578686,0.8856242254357338,40.13194069300502,0.9706846297369003,40.36459329263429,0.9726251953105927
1057793_C8_001302.png,35.04291092037534,0.8953393982443809,38.028132111410486,0.9612466330947876,38.40277942118449,0.9645508289880752
1057793_C9_001303.png,35.49895480830917,0.8909523397574425,38.537497110140784,0.9624066070766449,39.054082123911336,0.9666498072671891
1057793_C9_001304.png,36.41716566386782,0.8969321043920517,40.95506298338993,0.9736682679767609,41.44154105350288,0.9759275083246232
1057793_D13_001311.png,36.17151973765872,0.8997511145238877,39.779421909270184,0.9708006325206756,39.856203350767984,0.9715684963417053
1057793_D13_001312.png,35.1984329424812,0.8867817984743118,38.971963225186784,0.9705959554371834,39.34379957138509,0.9735696326618195
1057793_D14_001313.png,35.76184979406382,0.8808673772063256,40.613104961643316,0.9732669966783524,41.13895751717098,0.9758875356721878
1057793_D14_001314.png,35.59023412314241,0.8802795384478569,39.702422931475844,0.9684795017700195,40.103407004231705,0.9707387782783509
1057793_D15_001315.png,35.6531674351575,0.8901482929968834,39.79359695962487,0.969897615404129,40.2971873418809,0.9728180396251679
1057793_D15_001316.png,35.898439068519494,0.8832019487991333,40.37525779881909,0.9706347090940476,40.661825015813676,0.9729970747995377
1057793_E16_001317.png,35.46872343873221,0.8716834461135864,40.15239048598214,0.9717759028711319,40.628942665737064,0.9743194236545563
1057793_E16_001318.png,35.64674724469414,0.895998629386425,39.780332410249216,0.9733999483070374,40.159764053489056,0.9762249445915222
1057793_E17_001319.png,36.00517302938805,0.88549039884758,41.22736132854146,0.9766526667032241,41.55771296161926,0.9791744391851425
1057793_E17_001320.png,35.27513914267935,0.8745429811992645,39.678772903482106,0.9701963929891586,40.41020845076141,0.9748670358743667
1057793_E18_001321.png,35.423864333544955,0.8660432878565788,40.6843986232957,0.9744608303260803,41.40715018731476,0.9780205239181519
1057793_E18_001322.png,35.26414838181437,0.8635423425421714,40.32639018697693,0.9741668977546691,41.330610498813854,0.9790019553728103
1057793_F19_001323.png,35.9426229108552,0.8777899461784363,41.12433086368361,0.9773255512485504,41.4279842005203,0.979100945441246
1057793_F19_001324.png,35.549958346522075,0.8768823703746795,40.30003646143514,0.9730047434139252,40.80261504458106,0.9762429538888932
1057793_F20_001325.png,36.52215080553087,0.8960711428194046,41.899071786191456,0.981801907954216,42.01407723258063,0.9830893938102723
1057793_F20_001326.png,35.65328899037597,0.884283285645485,40.44520551384679,0.9766959143943786,41.17348355320842,0.981188923289299
1057793_G21_001327.png,35.49638655175672,0.8652286350841523,41.00287864974818,0.9797397275009155,41.976982237467546,0.9837919556026459
1057793_G21_001328.png,35.42819635837796,0.8736130812091827,40.474367124084694,0.9764861083221436,41.20217992561402,0.9813195469770432
1057793_G22_001329.png,35.42556829991737,0.8610354285311699,40.893497787343335,0.9776269998674393,41.491437428882854,0.979680036037445
1057793_G22_001330.png,35.31647909752018,0.8641245387272835,40.72914135474165,0.9746660372924805,41.73832526893329,0.9811570701417923
1057793_X_001331.png,35.61328730288205,0.8863106332740783,39.94886618633607,0.9696701178474426,40.19641660714677,0.9713560312490463
1057793_X_001332.png,34.603952341622424,0.8935461905374527,37.08896034139452,0.9590555362722873,37.27553619431162,0.96115611333704
1057793_Y_001333.png,35.40530869848622,0.8666607031641006,40.3652916206918,0.9738698367881775,41.434955869607876,0.9792278164510727
1060083_A1_000872.png,33.31101744006851,0.9135404247428477,33.6047368417392,0.9486732735452875,34.25061557909674,0.9522994073967487
1060083_A1_000873.png,32.251318972375834,0.8938737649359703,32.427575198802316,0.9281339290502071,33.23265253778605,0.9395668840379715
1060083_A2_000874.png,33.245558310171205,0.8977309121332169,33.781457214632724,0.934973935079813,34.502909403539796,0.9414607083787918
1060083_A2_000875.png,32.421203445724416,0.916210097978115,32.48618607383983,0.9359198145521879,33.23468682693311,0.9452419390232563
1060083_A3_000876.png,34.442213936686365,0.9324900917172432,35.30327638868848,0.9563422441158295,35.65353216777796,0.9594615406112671
1060083_A3_000877.png,35.08222203426374,0.9217309573020935,36.379824967274516,0.9592623882260323,36.93889821769544,0.9642850727205277
1060083_B4_000878.png,34.913432671599864,0.9288894872045517,35.88282513184056,0.96278834761405,36.716930866471216,0.9684357710266114
1060083_B4_000879.png,34.96040810157831,0.915070141119957,36.867290985452435,0.9658346131515503,37.64503124883166,0.9702861779899598
1060083_B5_000880.png,33.59449937376662,0.9243442211117745,34.047250987235145,0.9410052309393883,35.106579751282474,0.9527606107568741
1060083_B5_000881.png,33.57057008424511,0.9305244667925835,33.99455115545206,0.952946769085884,34.697639873872276,0.9585354288375377
1060083_C10_000890.png,35.26780059447569,0.9236191036891938,37.44952394188101,0.9679342846403122,38.56040805190588,0.9761024103193283
1060083_C10_000891.png,34.92448923657507,0.9070428335433006,36.84647464944717,0.9528475588798523,37.81423513953357,0.9622016754846573
1060083_C11_000892.png,35.77323823251605,0.918705787161827,38.661652472655824,0.9725179176020622,39.2260452661903,0.9760609265604019
1060083_C11_000893.png,35.080139380687406,0.9199094347209931,37.377408390681616,0.9638789350748063,37.68390445013731,0.9667781863765716
1060083_C12_000894.png,35.54991431425163,0.9186522161297798,37.8214066077974,0.964352364115715,38.550900528089535,0.9702014901218414
1060083_C12_000895.png,35.81910595568611,0.9243665932116508,38.72511390370526,0.9745771827001571,39.187205581615686,0.9768380524978638
1060083_C6_000882.png,35.153843491556415,0.8873998582549095,37.36673559043865,0.9522222450170517,37.877748889157964,0.9552560880131722
1060083_C6_000883.png,33.99607297736823,0.9276132203011512,34.58765722089526,0.9451958967270851,35.439201364546385,0.9556091867775917
1060083_C7_000884.png,35.82070972664364,0.9310055741071701,38.507552020924315,0.9743570718860626,38.97958640729104,0.9769079760932923
1060083_C7_000885.png,34.91819117037697,0.9243061081290245,36.67355326061883,0.9594426986303329,37.24024526666317,0.9648816502542495
1060083_C8_000886.png,35.185341260074374,0.9256205890927315,37.06229215734581,0.9617394813508987,37.47454312794508,0.965360266705513
1060083_C8_000887.png,35.09466403300734,0.9129723011670112,37.23694269437502,0.9600022213201523,38.145147672691934,0.9682390429677963
1060083_C9_000888.png,35.49605039534372,0.9057906691975594,38.32942964211991,0.9665089430150986,38.601733844989155,0.9680013079710007
1060083_C9_000889.png,35.358344995201215,0.9198341060986519,37.78321534181895,0.9677832327852249,38.05338770506339,0.9693831958189011
1060083_D13_000896.png,35.54711686542039,0.9207635226244927,38.16479286425138,0.9675084015388489,38.855452123954315,0.9703975220346451
1060083_D13_000897.png,35.33517724004595,0.9214207483696938,37.76139539352387,0.9664292519865036,38.22478740593586,0.969910264166832
1060083_D14_000898.png,35.853910964995166,0.9309895675106049,38.851483819457606,0.9765406714782715,39.35775324129613,0.9784578770141602
1060083_D14_000899.png,35.51383021890962,0.928705679954052,38.183325926374984,0.971613846121788,39.005324557917845,0.9770479225387573
1060083_D15_000900.png,36.02417157129509,0.9207697506837845,39.378830517808275,0.9745601114053726,39.94543262854443,0.9774216026201248
1060083_D15_000901.png,35.26013963609017,0.9155575149369239,37.646068574031915,0.9603372240753174,38.382388678030416,0.9673484775972366
1060083_E16_000902.png,35.277858024415075,0.9099817169656753,38.46602059406941,0.9678146498966217,39.002245845061495,0.971908849330902
1060083_E16_000903.png,35.27176821507051,0.9150177379922867,38.06482060777394,0.965959507727623,38.593572589250556,0.969772506474495
1060083_E17_000904.png,36.17619022608434,0.9176756296291352,40.558499745586936,0.9795633491535187,41.21837997135786,0.9822160686407089
1060083_E17_000905.png,35.43121470365695,0.916982921356678,38.528177277592306,0.9703752968568802,39.215339314970336,0.9739706661014557
1060083_E18_000906.png,35.645060192812416,0.9139670882592201,39.15969791534769,0.9720590439043045,39.97917682704251,0.9776370773115158
1060083_E18_000907.png,35.49666488993145,0.9239405224437713,38.89140753340191,0.975459618727684,39.72099030623086,0.9801240203952789
1060083_F19_000908.png,35.654499027467466,0.9161698239507675,39.20690042607403,0.9735643982181549,39.81933845002027,0.9774607598142624
1060083_F19_000909.png,35.79718943308499,0.9142547577486039,39.80011287390463,0.975605484913826,40.674614461350735,0.9797738829984665
1060083_F20_000910.png,36.334674014028955,0.9207421131334305,40.78731711245215,0.9802979986305237,41.59315993692908,0.9839221001224517
1060083_F20_000911.png,35.52590248487263,0.9171876204857826,39.25813363501466,0.9754360677156448,40.11131441297373,0.9811120398187637
1060083_G21_000912.png,35.616069965519614,0.8975945356564522,40.0123168231157,0.9751871096410751,40.642568901809625,0.9796907566738129
1060083_G21_000913.png,35.41385667066611,0.8982773155465126,39.720952148298146,0.9751491629009247,40.47768739877568,0.980693027507782
1060083_G22_000914.png,35.71919873519714,0.9039899851880073,40.298147483018056,0.977170915400505,40.97707294179622,0.9815185346832276
1060083_G22_000915.png,35.87679911198451,0.8943404894828796,40.80550938432022,0.9792968367481232,41.477452051341984,0.9819599655141831
1060083_X_000916.png,35.936010544831696,0.9013402362613678,39.44917789462846,0.9699142134885788,40.11299833358394,0.9740055748586655
1060083_X_000917.png,35.75168975616108,0.9190817339062691,38.293719893879214,0.9732879088816643,39.252836380011395,0.9777674489116669
1060421_A1_000184.png,34.59861299640129,0.8398524051628112,37.71438369331628,0.9407691049556732,38.43160311447494,0.9448289333972931
1060421_A1_000185.png,34.38300892084609,0.8606783435702324,37.06528301661605,0.9534439952249527,37.87544881395969,0.958812737177372
1060421_A2_000186.png,34.72955850576302,0.8710687802028656,37.34179765549155,0.9472000478744507,37.72323739494302,0.9488652617607116
1060421_A2_000187.png,34.83062137522299,0.8653599806690216,37.86796977788187,0.9548786497106552,38.262746316616436,0.9568141073083878
1060421_A3_000188.png,35.10822087673236,0.8597865552954673,38.93546488628337,0.9592367710666656,39.590992332091155,0.9614935180206299
1060421_A3_000189.png,34.933762852637926,0.8738520754666328,37.92723065683171,0.956767601600647,38.27436799926734,0.9589959983119964
1060421_B4_000190.png,35.096599878583035,0.864276540587902,38.934475936745095,0.9604717603445053,39.42143731859515,0.9624444866819382
1060421_B4_000191.png,34.89802442834897,0.8739807627053261,38.03118793086351,0.9591143612709045,38.648097473414026,0.9655636796321869
1060421_B5_000192.png,34.98765330290969,0.8697614307813645,37.81260340621261,0.953544790093422,38.905056443533255,0.9603306530246735
1060421_B5_000193.png,34.921003013189626,0.8521334193363189,39.30569477566188,0.9624662063970566,39.82750925081106,0.9654180678081512
1060421_C10_000202.png,35.02413267473281,0.85316913285923,39.73740233119979,0.9682930611553192,40.565911846511796,0.9719710147371292
1060421_C10_000203.png,35.10213991567177,0.8557166860766411,39.73972456548275,0.9659026623859406,40.354175955708776,0.9682754222078324
1060421_C11_000204.png,34.91247983400895,0.8504533131475449,39.297113321600214,0.9648325371513367,40.31851980576078,0.9691947254390717
1060421_C11_000205.png,35.048818756857216,0.8844319696598053,38.63329680378969,0.9648050387191772,39.30634587289687,0.9705877788095474
1060421_C12_000206.png,34.98410156527412,0.860639042611599,38.73029189924019,0.9570263102765083,39.08541554583553,0.9581834758782387
1060421_C12_000207.png,35.186606116644654,0.8565582196769714,39.69162579897933,0.9643215667667389,40.48040736130406,0.9682676942720413
1060421_C6_000194.png,35.24692020027453,0.8566679154586792,39.588359022570856,0.9643540032863617,40.2052435119539,0.966481568406105
1060421_C6_000195.png,34.96253307344471,0.8572886204190254,39.06562174930535,0.958262025138855,39.4627908121467,0.9601205209474564
1060421_C7_000196.png,35.095889677857535,0.860399940325737,39.69375255897545,0.9667092135419846,40.50609527099187,0.9702589784507751
1060421_C7_000197.png,35.00620531549247,0.8812638144462108,38.50737860103457,0.9652257387018204,39.028583525111024,0.9682988939790725
1060421_C8_000198.png,35.11884485139113,0.86291732909441,39.09500307756325,0.9656252045545578,40.10526512311296,0.9723219067745209
1060421_C8_000199.png,34.861506170481185,0.8801401407279968,38.4077487980371,0.9626623491153717,39.14191327031076,0.968711775639534
1060421_C9_000200.png,35.04415514353239,0.8560211012415886,39.51986221390471,0.9656020471458435,40.36330764491911,0.9690947226076126
1060421_C9_000201.png,35.157499104257866,0.8517472996435166,40.09305561543591,0.9698505730981827,40.80987892240699,0.97263172256279
1060421_D13_000208.png,35.1600909429944,0.868150350408554,39.3818968509333,0.9651479598474503,40.26297911064702,0.9705103575525283
1060421_D13_000209.png,33.23520473528731,0.8545094755978918,35.53452048515387,0.9555772365685999,35.48624799301007,0.9594426902373049
1060421_D14_000210.png,35.21369810682885,0.8507684024572373,40.648717781225976,0.9723473999557495,41.55953663149619,0.9764551224584579
1060421_D14_000211.png,35.30426348292408,0.8848824132566452,39.19401465975928,0.9702901012992858,39.95615405886787,0.9745557555322647
1060421_D15_000212.png,35.21448386568639,0.8562960836482048,40.18669241004221,0.9692413365411758,40.78579034205376,0.9724619631767273
1060421_D15_000213.png,35.346131671351614,0.8611039078149796,40.33212883561504,0.9693113027019501,40.86612964312565,0.9715792084875107
1060421_E16_000214.png,35.17002360525851,0.8536502829165459,40.03431506288962,0.9681964488630295,40.937726731417484,0.9727663222951889
1060421_E16_000215.png,35.19435201622351,0.884731606292963,39.119705065004396,0.9669259924879074,39.844997658928484,0.9734404633903504
1060421_E17_000216.png,35.29495363526212,0.855423801686287,40.52750376994236,0.9749868739233017,41.628884040120944,0.9789533170814514
1060421_E17_000217.png,35.181271438383305,0.8544874075627327,39.9498734248442,0.970349527999878,40.91819284127695,0.9737798467025757
1060421_E18_000218.png,35.229113297010585,0.8847352160696983,39.38703524403997,0.970598693857193,40.23478953040065,0.9755576707000733
1060421_E18_000219.png,35.158647394103106,0.8618374078688622,39.7863241076515,0.9717092549200058,40.651534950388765,0.9754784854841232
1060421_F19_000220.png,35.36313974918236,0.872226133351326,40.032558894984774,0.9740439619607926,41.025326611352774,0.9781166441555024
1060421_F19_000221.png,35.208796024423485,0.861855862869978,40.210203880649836,0.9758217757720947,41.256634634999656,0.9797793060255051
1060421_F20_000222.png,35.37172591813632,0.8811314210014344,39.64860996526027,0.9714197681274414,40.61490066492105,0.9765763845262527
1060421_F20_000223.png,35.08049385456408,0.8798187215428352,39.38361186557492,0.9728138464193344,40.23012347452817,0.9789756032600403
1060421_G21_000224.png,35.41558617840982,0.8722435043730736,40.15695259864974,0.9755333706569672,41.15933938250345,0.9792242507429123
1060421_G21_000225.png,35.37186013369678,0.8827396501979828,39.81925051297177,0.9728870225839615,40.761117927968385,0.97925647834301
1060421_G22_000226.png,35.289359761557584,0.8717295700564385,40.33235973781358,0.9760686358318329,41.10676723251807,0.9798148048734665
1060421_G22_000227.png,35.026450975034166,0.8731481378765106,39.76948499828013,0.9726741248207093,40.66972458122003,0.9783028140316009
1060421_X_000228.png,35.125380635458335,0.8917725913128853,38.518769061531614,0.9666313072910309,39.181901286122795,0.9717265424671173
1060421_X_000229.png,35.1029153584004,0.8622284043512345,39.4512163203384,0.9649291850557328,40.04412566421056,0.9672906114358902
1060741_A1_000230.png,34.12910323120654,0.8671175373244285,35.367386429658026,0.9330162951697111,36.07399691412646,0.9394772712757588
1060741_A1_000231.png,34.32585716067773,0.8999510751156807,35.77071431717192,0.9491975406250953,36.36183588607548,0.9554699003310203
1060741_A2_000232.png,34.0019397266409,0.878098770439148,35.20287919304866,0.9358688723030091,35.9605251015672,0.9416214845161438
1060741_A2_000233.png,33.49814769363199,0.860009631059289,34.5995550098952,0.9346237744791508,35.52732051437446,0.9435387540038824
1060741_A3_000234.png,34.529514618348266,0.8592963098220825,36.67063581861623,0.947585602391243,37.27685321781714,0.9512652939615249
1060741_A3_000235.png,33.99003125413976,0.851277554447651,36.24035329650464,0.9435410330550671,36.903551673865984,0.9492699595575332
1060741_B4_000236.png,34.288571720048445,0.8703595975971222,36.09918200028973,0.937981865064621,36.7572091968545,0.9437690310473442
1060741_B4_000237.png,34.304902403044856,0.8979706487326622,35.51371811493231,0.9409540277924537,36.274698543279605,0.9500057909712791
1060741_B5_000238.png,34.52840326051796,0.8973540887084007,36.41168133848059,0.951207397649765,36.819339820355516,0.9537694352321625
1060741_B5_000239.png,34.66254365005919,0.8839875823984146,37.073576548735055,0.952510727268219,37.50026901134356,0.9550988881063461
1060741_C10_000248.png,35.00525283388115,0.8702984096884727,38.38005099335718,0.9622064345245361,38.940995521202396,0.9646300245962143
1060741_C10_000249.png,34.90856705317832,0.8679892186832427,38.08036952193858,0.9576740831031799,38.61787956422144,0.9607219080028534
1060741_C11_000250.png,34.773329573883636,0.8836194464130401,37.72128892927094,0.95862933532238,38.55662737019533,0.9646847423219681
1060741_C11_000251.png,35.18820973750486,0.8777732643408775,39.036299137608495,0.9665739481420517,39.78340475559594,0.9701613823919296
1060741_C12_000252.png,34.98843640284171,0.8833301689190864,37.67909431090647,0.9569358280334472,38.14787485045216,0.9598021505260468
1060741_C12_000253.png,35.168105934154646,0.8560708994455337,39.32489730217968,0.964964545788765,40.07817128528988,0.9691846801156998
1060741_C6_000240.png,34.867570123951104,0.8700534494085312,37.44588882241475,0.9517627659125328,38.37528115625344,0.9586510076627731
1060741_C6_000241.png,34.87348062922009,0.8763397417693138,38.1658414578101,0.960783782371521,38.72872475164141,0.9638945566053391
1060741_C7_000242.png,34.535958102980054,0.8598872554683685,37.295205281029816,0.9537965485219956,37.885182292986535,0.9562592566723823
1060741_C7_000243.png,35.06296810690475,0.8657796246786118,38.669927705867025,0.9608666608963012,39.393509332667875,0.964230837565422
1060741_C8_000244.png,35.07558945824813,0.8612128573660851,38.91129389785613,0.9634463902101517,39.72851841891299,0.9674832160987854
1060741_C8_000245.png,34.87799999056093,0.8915398434214592,37.2814720718046,0.9565696914587021,37.966307110652046,0.960956551141739
1060741_C9_000246.png,34.68916537302688,0.8893408612599373,37.40085475512487,0.9575588100624084,38.01476843569525,0.9623335808477401
1060741_C9_000247.png,34.75416446971511,0.9010959253869056,37.331768485233205,0.9610984654188156,37.61806518503624,0.9627856064977646
1060741_D13_000254.png,35.14287970464105,0.8798835964798928,38.788938146034454,0.9663887867975235,39.429651539028505,0.9697066917467118
1060741_D13_000255.png,35.02942384411077,0.8766465624313354,38.52765442355357,0.9650623038191796,39.4245871216906,0.9707564358158112
1060741_D14_000256.png,35.067998483034465,0.8862140511870384,38.77744827265765,0.9678601691980362,39.39010730316772,0.9714321298999786
1060741_D14_000257.png,35.18885643564809,0.8817100184059143,39.20714678516227,0.9685209368524551,39.79598812433327,0.97170579991436
1060741_D15_000258.png,35.18428266821588,0.8729143947429657,39.407161772249374,0.9698938819503784,40.16624994051704,0.9732247268772125
1060741_D15_000259.png,35.18124244322037,0.8601152325778008,39.632061625935584,0.9694339419612884,40.408002316212766,0.9724459828424453
1060741_E16_000260.png,35.21713309380563,0.8657867717728615,39.98859942508811,0.9741928313484192,40.70771367227661,0.9765464983701706
1060741_E16_000261.png,35.24071285258233,0.8688791145744323,39.55080386292308,0.9713297396278381,40.42114269433246,0.9752506480312347
1060741_E17_000262.png,35.183051328592526,0.8664589805626869,39.194268823238836,0.9648773904685974,39.874728875521015,0.9685147842884064
1060741_E17_000263.png,35.26447516998293,0.8661850526800156,39.4256497132649,0.9695310978803635,39.9466206010382,0.970893200413704
1060741_E18_000264.png,35.05128488735886,0.8691410780444145,39.340225928907195,0.9688567920789719,40.24249870312463,0.9738073792924881
1060741_E18_000265.png,35.25222802484687,0.8773887781310081,39.57460591426451,0.9736510966129303,40.644495242222575,0.979022396985054
1060741_F19_000266.png,35.45567296246779,0.8630054658608437,40.7927693847142,0.9781645256490707,41.75974469923961,0.9815183592233658
1060741_F19_000267.png,35.30658006184354,0.871742476000309,39.81655337952736,0.9726211404647828,40.95008809789029,0.9780351791391373
1060741_F20_000268.png,35.223118930378334,0.8577941421709061,40.09692011809108,0.9740495148496627,41.03474458872169,0.9772089140644074
1060741_F20_000269.png,35.051366381520424,0.8575114262051582,39.96773136757785,0.9748087634315491,40.99194115806903,0.9788761381959915
1060741_G21_000270.png,35.23981489359461,0.8803501505155563,39.87587736651095,0.9739915532865524,40.62249217485888,0.978229425538063
1060741_G21_000271.png,35.04685233307076,0.8636425644779205,39.83914087447153,0.9740535092573166,40.795448888988034,0.9780739060554504
1060741_G22_000272.png,35.16182524368936,0.8611834923610687,40.12286282302358,0.9738899602298736,40.986195091493286,0.9774768029613495
1060741_G22_000273.png,35.31969549154778,0.8776825557880401,39.86988962196114,0.9736271763772965,40.864201646859826,0.9786656327524185
1060741_X_000274.png,34.97397747742257,0.8674077376675606,38.277938139142826,0.9605785233335495,39.050386848489694,0.9640563851776123
1060741_X_000275.png,34.77708459261522,0.8579897836494446,38.1172994692131,0.9552462207040787,38.793976332423654,0.9589393741559983
1070973_A1_000000.png,35.640851951495044,0.9084388897747994,38.571454505401924,0.9650945399827957,38.839437754246205,0.9673147437982559
1070973_A1_000001.png,35.20165162754766,0.9123393307180405,36.819467435102474,0.9529125725240707,37.3024551635696,0.9572178989987373
1070973_A2_000002.png,35.080199333765435,0.9191583969650269,36.779945393878954,0.9569034450311661,37.156257296598866,0.9593509437475205
1070973_A2_000003.png,35.8920407593821,0.912043713511467,38.644508230485414,0.9692603072638512,39.01941807598345,0.9716518597888947
1070973_A3_000004.png,35.145997114238675,0.9071594551019668,37.648783913642646,0.9597883217353821,38.04677234261256,0.9636000267810821
1070973_A3_000005.png,34.898363287639114,0.8998346401376724,36.81143912378756,0.9532098116798401,37.064583080994424,0.9554223501253128
1070973_B4_000006.png,36.009033284458866,0.9003079955348968,40.168887443275196,0.9743471645812988,40.40500299907776,0.9759390694894791
1070973_B4_000007.png,35.163633441157046,0.9062865316739083,36.84709612389555,0.9501901182203293,37.111472281363675,0.9527540817728043
1070973_B5_000008.png,35.680599087803785,0.9067404691257477,38.472790922163384,0.964818285753727,38.99513260123839,0.9700117494029998
1070973_B5_000009.png,34.8480288422636,0.904423064435482,36.30562068558108,0.9515838813357353,37.2357078558339,0.960749213423729
1070973_C10_000018.png,35.79446093681816,0.8973076945199966,39.182973683874714,0.9702276133584976,39.743335101540225,0.9737362491989136
1070973_C10_000019.png,35.64001917004613,0.8991134661040306,38.88865342237932,0.9666055460834503,39.513971852956836,0.9711187600345612
1070973_C11_000020.png,35.634904765255094,0.8929769425163269,39.42980356886245,0.9702542569828033,39.9235588353151,0.9735550157499313
1070973_C11_000021.png,35.40862210262341,0.8844032508516312,39.18267801453609,0.9662080447511673,39.511156950447926,0.9688562831563949
1070973_C12_000022.png,35.600735573792534,0.9053858345456124,38.596116948193824,0.9655566213274002,38.96099026318551,0.9684898905620575
1070973_C12_000023.png,35.2596510176306,0.9003892046351433,37.68711005342859,0.9555002667245864,38.2585126267829,0.9605350949296951
1070973_C6_000010.png,35.49955802895369,0.901308646376133,37.76987598608605,0.9546831783351898,38.09976222892226,0.9576870115895272
1070973_C6_000011.png,35.658335376309395,0.9012970974445343,39.207528876751766,0.969579507098198,39.57488325942093,0.9724533702964783
1070973_C7_000012.png,35.65681724307897,0.9025252981467247,39.303419706433196,0.9689953438901902,39.786479252502,0.9723079139060974
1070973_C7_000013.png,35.86557298630498,0.9010796104941368,39.96640634858102,0.973044066947937,40.5453074627059,0.9761860756998062
1070973_C8_000014.png,35.30936854747712,0.8850827089505195,38.3648620648465,0.9599248696308136,38.963437884795496,0.9649399156961441
1070973_C8_000015.png,35.208862945807624,0.8962264541563988,38.14201081330794,0.9613997014722824,38.85405054951095,0.9663513030519485
1070973_C9_000016.png,35.70970005371581,0.9064906004757881,39.00014885901757,0.9682186361770629,39.605057757403266,0.9715873415193558
1070973_C9_000017.png,35.52578606756964,0.9002032788009644,38.75267017692232,0.9681270613670349,39.50513262274829,0.972769527756691
1070973_D13_000024.png,35.43132479900636,0.891077612288475,39.42144620138731,0.9694778711795807,39.92516114640474,0.9731004444856644
1070973_D13_000025.png,35.470286385281796,0.8984316051287651,39.3359821219692,0.9704427418718338,39.89156411721173,0.9740785052204132
1070973_D14_000026.png,35.26474647223591,0.8877061404585839,38.77810199537833,0.9647562269124985,39.64413826932516,0.9709140064640045
1070973_D14_000027.png,35.33527068003781,0.8911729171833992,39.09341456732437,0.9679349605989456,39.628776360673456,0.9712965916061401
1070973_D15_000028.png,35.60262395739778,0.8956366957263947,39.651035798377436,0.9705790689535141,40.06951578459538,0.9737852052755356
1070973_D15_000029.png,35.48124278840288,0.8986595763850213,39.2611845963677,0.9699027326593399,40.165678297318614,0.9757180948963166
1070973_E16_000030.png,35.607813994235705,0.8957739579403401,39.79315956397358,0.9727499366893768,40.48460979317416,0.9772981538076401
1070973_E16_000031.png,35.154993866236225,0.8959579349451066,38.76938820235786,0.9678321471366882,39.488378250081496,0.9726387426700592
1070973_E17_000032.png,35.706749459609114,0.8906609607682228,39.97533507033447,0.9731299225492478,40.69786537305123,0.9775585262260437
1070973_E17_000033.png,36.13824025666624,0.899166221985817,40.80952295917748,0.9754501841506958,41.18862551661758,0.9777710900402069
1070973_E18_000034.png,35.88834233349655,0.8856693648276329,40.969014818412134,0.9765892318897247,41.41732158167062,0.9787179248313904
1070973_E18_000035.png,35.50316563272134,0.8903291120147705,39.615081637669796,0.9716111531658173,40.40529397979758,0.9773394157295227
1070973_F19_000036.png,35.7933111019361,0.8883364585909843,40.49718437340846,0.9768601814603806,41.07409627877756,0.980191866859436
1070973_F19_000037.png,35.37962739262821,0.8766874448127746,40.01822802217006,0.9733282205104827,40.83053430140155,0.9776629398584366
1070973_F20_000038.png,35.7744742206437,0.8918640828914642,40.21960563298583,0.9753076140298843,40.76442235521793,0.9784597493276596
1070973_F20_000039.png,35.84926531966857,0.8801230507698059,40.989060860665916,0.9764358646211624,41.36146904614642,0.9783863774080277
1070973_G21_000040.png,36.541582139423646,0.8989966798758506,42.534032787785456,0.9859712902679444,42.77275531600631,0.9872000229549408
1070973_G21_000041.png,35.606699160574834,0.8793425233530998,40.60593937217094,0.975145421377182,41.44607357294848,0.9809477799730301
1070973_G22_000042.png,35.47951212857846,0.8720481573472023,40.430731738698924,0.9771797366008759,41.16686573133837,0.9808340499601365
1070973_G22_000043.png,35.38656403979184,0.8849290072236061,39.73576188414765,0.9722748126268387,40.610605316520164,0.9780196307086945
1070973_X_000044.png,35.3838942728477,0.8996560103054047,38.590536710516766,0.9656835396890641,39.12074553574652,0.9693659639558793
1070973_Y_000045.png,35.7013353241359,0.8855627077951431,40.54292786754239,0.9787692858695984,41.29781167250795,0.9828623595371246
1071222_A1_000918.png,33.89443837472468,0.9065781065497398,33.929089395853396,0.9285580702404976,34.61180100331819,0.9374583448457718
1071222_A1_000919.png,35.10863344742644,0.9048028686094284,36.33846602548521,0.9495226939864159,36.799834560218045,0.9545004380812645
1071222_A2_000920.png,34.88414271140405,0.9060366140451431,36.1476810770569,0.9493632264351844,36.830879032296714,0.9572481406555176
1071222_A2_000921.png,34.1732607761018,0.9068113908596038,34.429324959758574,0.9366213853965998,35.22582475518073,0.944896315416336
1071222_A3_000922.png,34.738206028846214,0.8997592173819542,35.85660314000905,0.9448871265513897,36.461595794623285,0.9511060776667595
1071222_A3_000923.png,33.53322767257632,0.8983425855579377,33.79503987463159,0.9230767698223591,34.56565569710306,0.9331570339472294
1071222_B4_000924.png,34.44979370276667,0.9027711336150169,35.15169173947505,0.935233081972599,35.82011690547076,0.9432787579321861
1071222_B4_000925.png,33.97201033342141,0.8822046896324157,34.89903143659107,0.928350431773901,35.815397947104614,0.9402657695610523
1071222_B5_000926.png,34.010353426973616,0.8961985158604383,34.71389656609832,0.9278923045518398,35.573497483152686,0.9394004363923073
1071222_B5_000927.png,34.80072676316188,0.9101533470363617,35.82227789380695,0.9479003791790008,36.460657184592264,0.9540647548341751
1071222_C10_000936.png,35.407251859039405,0.9101040085506439,37.61973796267061,0.9592949090585708,37.965088622446515,0.9627915805101395
1071222_C10_000937.png,35.3009275818731,0.8896583835287094,37.97186822739426,0.9573562770261764,38.484320715736345,0.9630120166025162
1071222_C11_000938.png,35.44641643233576,0.8991618883223533,38.5264204468343,0.9616708521404267,38.98874926609793,0.9654876423044205
1071222_C11_000939.png,35.61196310516142,0.8982232539687157,38.40579975118484,0.9646903703022003,38.874929989312584,0.9693532783699036
1071222_C12_000940.png,35.32872009332348,0.8869636404747963,38.15332030182247,0.9593873187828064,38.82426729403818,0.9643154068617821
1071222_C12_000941.png,35.144366436258395,0.9069336382513046,37.235966809876594,0.9551639415912628,37.560426654616435,0.9587758623948097
1071222_C6_000928.png,35.03574037330267,0.8988353917264938,36.6188787149351,0.9467969313807487,36.9987731639828,0.9517509202194214
1071222_C6_000929.png,35.16688241482945,0.8937702060403824,36.98781361995772,0.9454458503041268,37.45675825978211,0.9504102588891983
1071222_C7_000930.png,34.843880360016975,0.893094839770794,36.5503617664485,0.9494507684345246,37.20159409271427,0.9548060877375603
1071222_C7_000931.png,34.424693429058976,0.9158192673473358,35.23397632497649,0.9434273835339546,35.82549598631565,0.9490342018771172
1071222_C8_000932.png,36.241038985002675,0.9102345852084159,39.837245655225985,0.9717355837163926,40.04472257153175,0.9728241266975403
1071222_C8_000933.png,35.57469811313714,0.8927113766973018,37.98085995717762,0.9548594636135102,38.294621295413826,0.9580255521192551
1071222_C9_000934.png,35.9837771392077,0.8980048866372109,38.79435464731173,0.9618526558876037,39.153873641006726,0.9654621881303788
1071222_C9_000935.png,35.13302150381813,0.9106476347064972,36.77033280727526,0.9524501126585007,37.41710746032757,0.9594582621231079
1071222_D13_000942.png,35.52939152287125,0.895221874835968,38.897285815772,0.9663903392381669,39.08152868752302,0.968058051897049
1071222_D13_000943.png,35.29070567705457,0.8995545070338249,38.4704613144907,0.9648754326086044,38.99584414522246,0.9684870621938706
1071222_D14_000944.png,35.689094759153726,0.9107657248187065,38.030294339102554,0.9626180811347962,38.56836792896128,0.9661952996339798
1071222_D14_000945.png,35.980824184571176,0.9069547684459687,39.06706020312701,0.9710095647697449,39.62110173093108,0.9748330587339401
1071222_D15_000946.png,35.787639219708886,0.9096112740316391,38.58536091969028,0.9676332502422332,39.04614674125736,0.9711355839891433
1071222_D15_000947.png,35.640043483214995,0.910831953948021,37.97727001560071,0.9603358975486755,38.34641676376816,0.9637640537319183
1071222_E16_000948.png,35.26042158245462,0.9011099745883941,38.068536235264894,0.9626575696868896,38.55590388678031,0.965835903708458
1071222_E16_000949.png,35.84370083181242,0.9097686570405961,39.02866513030221,0.96691317827034,39.16666600946649,0.9685951384525299
1071222_E17_000950.png,35.783784317932515,0.9070494384317398,39.2966279524524,0.9702349486722947,39.59413782005329,0.9720150273580551
1071222_E17_000951.png,35.576020372949614,0.8986247769975663,38.88341715813842,0.9648369738998414,39.44156287501124,0.9686443964042664
1071222_E18_000952.png,35.38250425644524,0.8939302794795037,39.012390125149736,0.9673358747386932,39.57480023123505,0.9716925107784271
1071222_E18_000953.png,35.9161592309878,0.9034072197885513,39.77730087886662,0.9730878377294541,40.39467828543405,0.9768442839012146
1071222_F19_000954.png,35.56353476934864,0.8947630253434181,39.90617051450634,0.9737645643205642,40.483744050007914,0.9770735565586091
1071222_F19_000955.png,35.74626830430661,0.8941261118507385,40.1500581849875,0.9744663464136124,40.46117812992254,0.9771192315950393
1071222_F20_000956.png,35.78387666516567,0.8837383358736038,40.24489188379928,0.9733887172603607,40.52637611617583,0.9760340711307526
1071222_F20_000957.png,35.506021273515515,0.8921325516057015,39.67691823614797,0.9719081149663925,40.13840631357198,0.9745194484701156
1071222_G21_000958.png,36.368091856259674,0.9046746202397347,41.446074064118505,0.9815036327209473,41.92996984754746,0.9839385179834366
1071222_G21_000959.png,35.7424034335631,0.892448860133171,39.97507146906919,0.9765000680427551,40.50346260401515,0.9793060018444061
1071222_G22_000960.png,35.6650507175176,0.8858171995277405,40.68975881661676,0.9768963816108703,41.247375609049556,0.9798200499248505
1071222_G22_000961.png,35.732304167586186,0.8960561813387871,40.252791747891365,0.9763049539403915,40.809031659429294,0.9794204731044769
1071222_X_000962.png,35.08693010463674,0.9067730220541954,37.023378090943936,0.9560120810050964,37.548442962094526,0.9623419961166382
1071222_Y_000963.png,35.64262261193198,0.8831373897895813,40.260846720059575,0.9736197345523834,40.505648874682024,0.9749190733661651
1071812_A1_001380.png,34.04606636980107,0.9054768060698509,35.22735598731398,0.9404129868164063,35.810039194885846,0.9463707256660462
1071812_A1_001381.png,34.68052923098329,0.8832526733598709,36.44794980303023,0.9367508853735924,36.937649525931235,0.9397493007745743
1071812_A2_001382.png,33.55473080717588,0.8965941478629113,33.74022717222887,0.9161302297554016,34.485747208809144,0.926135572529316
1071812_A2_001383.png,33.941367302095664,0.9096019277830124,34.75620496590664,0.9362606839218139,35.35163597179619,0.9425242495012284
1071812_A3_001384.png,33.11979152725606,0.8323094784955979,33.91138826758636,0.883450784833908,34.98979235603364,0.9015212861418724
1071812_A3_001385.png,34.570562102736126,0.9078155807709694,36.192514307344624,0.947071661611557,36.72511196092959,0.9522819778203965
1071812_B4_001386.png,33.4300180726117,0.9012118701763153,34.05709892569881,0.9344337346224785,35.135861962833076,0.944193989379406
1071812_B4_001387.png,33.93493886067826,0.8926834511656762,34.87016927679001,0.9309188069033623,35.457453399925186,0.9343918894176483
1071812_B5_001388.png,34.52341501140983,0.8883797305583954,36.15466721206344,0.9365519905242919,36.475529049030385,0.9376766614694595
1071812_B5_001389.png,34.29176720484718,0.8915427537536621,35.64268974794121,0.9347573948926926,36.22076261293929,0.9393528930130005
1071812_C10_001398.png,34.56040962908616,0.8963825746040345,36.30680931734807,0.9443002723340989,36.805750168736814,0.9467251494131088
1071812_C10_001399.png,34.90502647564152,0.8995555137720108,37.214486179138525,0.950922424955368,37.76964431594746,0.9547180314102173
1071812_C11_001400.png,34.66443748050616,0.8876040158662796,36.49486918754412,0.9388957281637191,37.25127182359757,0.9467874680747986
1071812_C11_001401.png,34.356734776130814,0.8962424558472634,36.371543819829,0.9464288775138855,37.11070224909107,0.952463324124813
1071812_C12_001402.png,34.82078270142018,0.891724392510891,36.62311497070094,0.9396568536458015,37.15429341875246,0.9453581980571747
1071812_C12_001403.png,34.426970264546114,0.891380760017395,36.29402254311865,0.9450205541524888,36.92168812065874,0.9508899134225846
1071812_C6_001390.png,33.79311915673274,0.9020656562614441,34.45158780938192,0.9321046069817543,35.075027711818414,0.9397794203901291
1071812_C6_001391.png,34.91356018186653,0.8919418676023483,37.24767436285824,0.9491351284828186,37.788803919174455,0.9528578701181412
1071812_C7_001392.png,34.826511022281196,0.8907560273709297,36.863013109812535,0.9416783606729507,37.23136375489539,0.9443163952560425
1071812_C7_001393.png,34.78850378857628,0.8939632311515808,36.854899251549675,0.9459736150140763,37.11153017583425,0.9473520533590317
1071812_C8_001394.png,34.49086980310416,0.899328070171833,35.86184643865343,0.9402616852760315,36.62700797008752,0.9468285260820389
1071812_C8_001395.png,34.541505967333066,0.9148407289676667,35.67789753009731,0.9468927794113159,36.15378843651921,0.9505043588409424
1071812_C9_001396.png,34.89694342734702,0.8864840724244117,37.25237600552945,0.9480016210737229,37.789661522555456,0.9513015244426727
1071812_C9_001397.png,34.480653864498045,0.877140455388546,36.74723230118408,0.9359267846441269,37.02567429336949,0.9374469509267807
1071812_D13_001404.png,34.8089932242131,0.9065821546225548,36.7973915124082,0.9515818242635727,37.263606793454855,0.9553057410097122
1071812_D13_001405.png,34.62150305079204,0.9055631747012138,36.4710995725176,0.9481129733800888,36.93991064562279,0.9537653280162811
1071812_D14_001406.png,35.1585975619824,0.9091971921901703,37.9246199038533,0.9614199023685456,38.324929902595805,0.9656107442617416
1071812_D14_001407.png,34.99255566705414,0.874228102060318,37.714118803264164,0.9500171410751342,38.4087026630087,0.9557809193191529
1071812_D15_001408.png,34.61550685256742,0.9123173700737953,36.30022628836937,0.9506921021909713,36.91267780828817,0.9566740015945434
1071812_D15_001409.png,35.11447831746024,0.9087142217879295,38.08618996094571,0.9633029215545654,38.5952390089585,0.967467545718193
1071812_E16_001410.png,35.23914024593949,0.8927140093080997,38.47243240095303,0.9591178757915497,38.9521021372856,0.962367150797844
1071812_E16_001411.png,34.899804685289155,0.8738937926998138,37.60850664676009,0.9432677702665329,38.18230689885989,0.9481643248634338
1071812_E17_001412.png,34.9785354710823,0.8981879036154747,37.47161008613751,0.9537367613954544,37.9190811855763,0.9573568844108582
1071812_E17_001413.png,34.82885087013092,0.8932514838438034,37.120936436917816,0.9504691645689011,37.93994635906521,0.9577958621120453
1071812_E18_001414.png,35.04673556427596,0.9074827550497055,37.74439885228838,0.9617912411556244,38.22556630762071,0.9647869399700165
1071812_E18_001415.png,35.12328232053821,0.9016599203782082,37.826259713266815,0.959510494181633,38.70974621425066,0.9669419528656006
1071812_F19_001416.png,35.13243495778953,0.8823479265155793,38.52707379275829,0.9571743522205353,39.16924928875855,0.9618743882875442
1071812_F19_001417.png,35.0302251793254,0.8815864696788788,38.42633647461259,0.9615092971858978,39.0727692897923,0.9655394636659622
1071812_F20_001418.png,34.97225708681147,0.8795963953299523,38.40921823159567,0.960563681974411,39.10230679435748,0.9647839981594085
1071812_F20_001419.png,35.53383665036972,0.8900807769932747,39.179293721352565,0.9678613597965241,39.935189814045174,0.971278951658249
1071812_G21_001420.png,35.19709109830795,0.9025093152208328,38.71094279648133,0.9709636092185974,39.359863462053085,0.9747667156696319
1071812_G21_001421.png,35.38505126710058,0.8864617608013153,39.28404374484268,0.9689045824022293,40.01620220655173,0.9717373519515992
1071812_G22_001422.png,35.240681697346744,0.8986984305043221,38.300068110486386,0.9602649554100037,38.753236306895225,0.963321260931015
1071812_G22_001423.png,35.18549850393891,0.8918692184581757,39.18548167915897,0.9716870221214294,40.32632378551072,0.9803312153139114
1071812_X_001424.png,34.56879298947297,0.8855212274303437,36.2503474336138,0.9390482277207375,36.74193476877867,0.9429367197723388
1071812_Y_001425.png,35.270865108401104,0.8926709578633308,38.71375373473078,0.9656878648881912,39.39907881584534,0.9692458740777969
1080241_A1_001655.png,35.15862201692522,0.9362450636501313,37.223505342449315,0.9707641150197983,37.69049792292327,0.9728694231090546
1080241_A1_001656.png,32.647403630110766,0.9132622825804949,32.72422552058731,0.9304426185575128,33.28679267440072,0.9366089293704033
1080241_A2_001657.png,35.19851175796659,0.9401284574332237,36.6574791414205,0.9717763603124618,37.407323651741024,0.9756290031929016
1080241_A2_001658.png,35.17608960576906,0.9297593556113243,37.323468111859285,0.9695002228956222,38.12229662066885,0.9749405496444702
1080241_A3_001659.png,35.52235324399585,0.930802879629612,38.51785587711945,0.9734065582733155,38.99497046264798,0.9754594431409835
1080241_A3_001660.png,34.613006762903574,0.9266336895375252,35.85719956895987,0.957199036611557,36.60851838725031,0.9623509712862969
1080241_B4_001661.png,35.06844327520194,0.9305792804422378,36.335405429362254,0.9634235656194687,37.5481473649225,0.9700686540851593
1080241_B4_001662.png,34.82717835646083,0.9346542853555679,36.5113507731455,0.9731824733161927,37.43688748481332,0.9772425910048484
1080241_B5_001663.png,36.222050263322096,0.9323288958601952,40.05185358255823,0.9818009615678788,40.85251584449536,0.9839879425468445
1080241_B5_001664.png,35.67598734742927,0.9313554229035378,38.632411425125014,0.9763604926128387,39.52218907823878,0.9795404241085053
1080241_C10_001673.png,36.08407227156675,0.9276081825199127,40.444008579978636,0.9816667141494752,41.22842900525054,0.9840252100563049
1080241_C10_001674.png,35.5906430359447,0.9247120402874947,38.36955709068377,0.9704188665161133,39.505759935911826,0.9759454604616166
1080241_C11_001675.png,36.43265248644698,0.9371947091126442,40.60542404061014,0.9843567841587066,41.34457417489726,0.9859886777038575
1080241_C11_001676.png,35.82257594647131,0.9193135608296394,39.49628463764767,0.97743184268713,40.36508081108637,0.9816644565925599
1080241_C12_001677.png,35.78284236320654,0.9205257933931351,39.050853709957906,0.9716980172805786,39.73385420257784,0.9762089957828521
1080241_C12_001678.png,35.59131481918228,0.934070343117714,38.54575709872534,0.9768164072675705,39.22720515604441,0.9790659728517532
1080241_C6_001665.png,35.225543691350865,0.9332980203499794,37.10738139119628,0.9720382461585999,38.0247805540743,0.9776185678658486
1080241_C6_001666.png,35.78649306333303,0.9272786061668395,38.91664284334168,0.972690249531269,39.6303014179141,0.9770394911546707
1080241_C7_001667.png,35.69422759435321,0.9255538199338913,39.20319169295819,0.9767648777513505,40.01770589591433,0.9804303271493912
1080241_C7_001668.png,35.5439366630611,0.9311450207829476,38.265110213283734,0.9716606375846862,38.70030673482822,0.973804953986168
1080241_C8_001669.png,35.37196814583891,0.9314384788784981,37.95929414858446,0.97263816340065,38.78734194212918,0.9766542549724578
1080241_C8_001670.png,35.542490099277046,0.9311763317480087,38.40640682159409,0.9744208171329498,39.29092813220864,0.9774830901708603
1080241_C9_001671.png,36.15346915870016,0.9310496075277328,39.99754308191124,0.9811349216070175,40.754529012045204,0.9830998054485321
1080241_C9_001672.png,35.37314402306172,0.9234945387597084,37.95607210845817,0.9682208853492736,39.11592052371794,0.9744249862194061
1080241_D13_001679.png,36.25366627109149,0.9365242767953873,40.37223612201621,0.9852525363359451,41.641952771296346,0.9885009787664414
1080241_D13_001680.png,35.77203382366019,0.9297332298059463,38.806764127631105,0.9733069334378243,39.704554777176966,0.9787197843990326
1080241_D14_001681.png,35.56205749376414,0.9272306744718551,38.35408379549501,0.9712941463842392,39.189124448925185,0.9760443306779861
1080241_D14_001682.png,36.20180405295696,0.93137729037714,40.47862023784064,0.982178378622055,41.50497740530117,0.9853867707014083
1080241_D15_001683.png,35.84348059589389,0.928814434466362,39.14887772777551,0.9783173365764618,40.18923559617364,0.9824445089921952
1080241_D15_001684.png,36.30815945037122,0.9352345537600517,40.69432400777883,0.9838642588272095,41.48067508700714,0.9864071359901428
1080241_E16_001685.png,36.2847896559791,0.9309703457016945,40.53396396559194,0.9829875596027374,41.413947005579914,0.9857184732332229
1080241_E16_001686.png,36.12742383578704,0.9264338320007324,40.36167888329035,0.9802098870372772,41.285873553375446,0.9837574684476852
1080241_E17_001687.png,36.95360631911063,0.9357782879695893,42.42321808706062,0.9892501612834931,43.60774134496605,0.9910190355920792
1080241_E17_001688.png,35.483039605437654,0.9043239731407166,39.33051001888404,0.9706444651298523,39.95270473686459,0.9757469968070984
1080241_E18_001689.png,36.599301354615065,0.9316326685962677,41.94874862563004,0.9868342477293015,43.12615462690115,0.9894479227085113
1080241_E18_001690.png,36.8223485949085,0.9285843035478591,42.24957479968729,0.985420892786026,43.368458022503276,0.9877259410800934
1080241_F19_001691.png,35.986266014527885,0.9244541676573753,39.91634501057522,0.9782272248344421,40.946804257843155,0.9829555166893006
1080241_F19_001692.png,36.74040851198234,0.9285043344740868,42.4826290298668,0.9873654691457748,43.720953553577175,0.9898423666296006
1080241_F20_001693.png,36.84492666220314,0.9326760400824546,42.052733752685796,0.9869349660301209,43.270085938068384,0.9901870831966401
1080241_F20_001694.png,36.12344529917789,0.925542604560852,40.46388742342636,0.9811825677099227,41.52905438798817,0.9852136518011093
1080241_G21_001695.png,35.650271037725844,0.9024441545271873,39.724355340645175,0.9737407305231094,40.88198217608513,0.9806463669757843
1080241_G21_001696.png,36.625786445538424,0.924548190088272,42.4678526724435,0.9866860053730011,43.93623008911091,0.9901029721260071
1080241_G22_001697.png,36.41482245984785,0.9238795227942467,41.801791382540614,0.9852413905191422,43.10625101057252,0.9885966017103195
1080241_G22_001698.png,36.63122805521235,0.9264107230930329,41.91458038951633,0.9848779608545304,42.81033511184163,0.987796247578621
1080241_X_001699.png,35.281627582387706,0.9336322529330253,37.3370419380632,0.9691444894251824,38.29020521358104,0.974805819390297
1080241_Y_001700.png,36.02522658255169,0.9238076358203888,40.42233273755311,0.9806227270259857,41.504126987853176,0.9850661568899155
1080424_A1_002023.png,32.933514497520235,0.8615064476809502,33.53650796401149,0.8913204302957058,34.030109229854574,0.9029508517856598
1080424_A1_002024.png,33.639186675288435,0.8710100211643821,34.46180565160323,0.9059059832239151,34.9985786696045,0.9124449233727455
1080424_A2_002025.png,33.68828089866591,0.8468866110016704,34.54362009400367,0.8867004459674358,34.94796891177162,0.8948142799253463
1080424_A2_002026.png,35.26759744467806,0.9083728887481689,37.98276176127611,0.9633178139457703,38.19979053901903,0.9647682974948883
1080424_A3_002027.png,34.75333338868086,0.8914424137315751,36.388077882356285,0.9362344006142617,36.55683259729202,0.9360171493330002
1080424_A3_002028.png,34.386035978589376,0.8843910017313957,35.79178239989699,0.9274585639429093,36.275762219496784,0.9308179442424774
1080424_B4_002029.png,34.777670394328304,0.9079862321305275,36.101274492373776,0.9418127003488541,36.51879679415594,0.9427802795410156
1080424_B4_002030.png,33.74316518017589,0.8773572478353977,34.72295496807639,0.9170305614376069,35.36163846287824,0.9260002243814468
1080424_B5_002031.png,34.64091184300813,0.8820796877923012,36.33156356608432,0.93291366070652,36.58772397254526,0.9337381872291565
1080424_B5_002032.png,34.74252549080515,0.8883974253606797,36.29398358306997,0.9363014174451828,36.77962497374806,0.9409590599517822
1080424_C10_002041.png,34.894825361940356,0.8973493763175011,37.10914105519493,0.9535755811004639,37.813878200290645,0.9593843022890091
1080424_C10_002042.png,34.95993488548845,0.8988185837202072,37.32272542541906,0.9539683349332809,37.770626308209295,0.9559267653255462
1080424_C11_002043.png,36.132551083315214,0.9075803941679,39.99641283928505,0.9715227150096893,40.12545293903077,0.9712739991283417
1080424_C11_002044.png,35.010926174311955,0.8872281033687591,37.76573731623316,0.9563982857294082,38.0556080951506,0.9574422164754868
1080424_C12_002045.png,35.905900943470556,0.9021157028880119,39.57335897196679,0.968468703092575,39.58169005565536,0.9677027118911743
1080424_C12_002046.png,35.09323708553347,0.8818093972826004,38.04896997947028,0.9564222262344361,38.492689402259586,0.9585302382736206
1080424_C6_002033.png,34.7186398412826,0.8829066180801391,37.03702347094967,0.9420160658636093,37.41009053246295,0.9453087408294678
1080424_C6_002034.png,34.570749388039445,0.8554611417720318,37.02890736922579,0.9331620173721313,37.73993924258236,0.9392766305341721
1080424_C7_002035.png,35.01467664100571,0.8964131361837387,37.24952946976036,0.9518747881565094,37.37105617800456,0.9505311893119812
1080424_C7_002036.png,35.323321171560565,0.8880633447299003,38.9630363900259,0.9674216366891861,39.55259611863448,0.9702680466794967
1080424_C8_002037.png,34.93877304440722,0.8714216389360427,38.32300397521105,0.9615625275506974,38.74699237018443,0.9628931556529999
1080424_C8_002038.png,35.63972484457683,0.9234777450876236,38.10986711202591,0.9656431319255829,38.31887744758048,0.9658886233739853
1080424_C9_002039.png,35.0369206700263,0.8806234168944359,38.13671240479333,0.95509149335289,38.47267614771097,0.9569909869308472
1080424_C9_002040.png,35.18223380975527,0.8955631967458725,38.05099913224157,0.9627978669500351,38.49789259737401,0.9655329094009399
1080424_D13_002047.png,35.20204968584055,0.8876806770310401,37.99967105577173,0.957971749212265,38.29238541150154,0.9599456826190949
1080424_D13_002048.png,35.07703974889588,0.8922700950388909,38.484176894377306,0.9662448117551804,38.98144814593898,0.969643167640686
1080424_D14_002049.png,35.11525391316616,0.8728469576334953,38.273142344319865,0.9551086742362976,38.50218574980715,0.9554048144922257
1080424_D14_002050.png,36.0462146875325,0.9279231858768463,39.61684464100784,0.9776724454479218,39.981591460026785,0.9787460974435807
1080424_D15_002051.png,35.63806344838299,0.904145973856926,39.471480621936514,0.9713215449924469,39.728729065457394,0.971921222439766
1080424_D15_002052.png,35.58701583398572,0.9012866282458305,38.956075022110845,0.966604904001236,39.34019975919773,0.9686247217206955
1080424_E16_002053.png,35.52107227879962,0.8760318281731605,39.82478731206736,0.971320411403656,40.26748575306926,0.9724312324466705
1080424_E16_002054.png,35.31879661256659,0.8634329288816452,39.89000394590637,0.9697955528726577,40.43361368778645,0.9717476291828155
1080424_E17_002055.png,35.07244263453487,0.8687370590252876,39.277558282822426,0.9662664301986694,40.00784273530532,0.9701640641527176
1080424_E17_002056.png,35.31067695392725,0.8899423895263672,38.840093018692905,0.9680188445119858,39.3620715557755,0.9707822668848037
1080424_E18_002057.png,35.64582810982159,0.894636820807457,39.63219270283813,0.9725908717193603,40.00353639730353,0.9747832159881592
1080424_E18_002058.png,35.27315997855939,0.8757864688663483,39.29817953918302,0.9687740356149673,39.8445946489823,0.9706266460838318
1080424_F19_002059.png,35.24216480632889,0.8973557545099259,38.94443874213123,0.9692520880804062,39.55051890879865,0.9734355553102493
1080424_F19_002060.png,35.16165243032035,0.8579917841200828,39.58959215294761,0.9674972212095261,40.26467955330732,0.9712130299978257
1080424_F20_002061.png,35.51379700226748,0.8823548128972053,39.72828871614075,0.972867703663826,40.20341679263684,0.9749225553884506
1080424_F20_002062.png,35.41742080084073,0.8796106040439605,39.94884597338152,0.9735927081823349,40.73634380168346,0.9774577547550202
1080424_G21_002063.png,35.18138969794133,0.8667152565236091,39.93762023528065,0.9759447787714004,40.78751257158786,0.980304947687149
1080424_G21_002064.png,35.47156315912944,0.8784024864592552,40.31492415258604,0.9773177401638031,41.26133292749988,0.9823998301324844
1080424_G22_002065.png,35.297948047628104,0.8797885725736618,39.772230696241486,0.9715280494642258,40.483800907284795,0.9753159049921035
1080424_G22_002066.png,35.3473067375745,0.8737691595649719,40.20648309065761,0.9747506991739273,40.951267902795855,0.9784006871805191
1080424_X_002067.png,35.05967668037066,0.8907683608136177,38.371286957304264,0.9651113223276139,38.86123457944622,0.9685321900157928
1080424_Y_002068.png,35.6719027523277,0.8798062531309128,40.86851878413838,0.9783618287858963,41.48526376368807,0.9815268547039032
1080543_A1_001056.png,34.942991397139664,0.9002416515364647,37.03441252630418,0.9532872235574722,37.41001755709576,0.955368160779953
1080543_A1_001057.png,34.513014494227775,0.8813252526891232,36.314701940129495,0.9334471514158249,36.622449950345704,0.9363467479257583
1080543_A2_001058.png,34.59489699910139,0.8993643768582344,36.432885352369205,0.9460874918785095,36.64137527832032,0.9464714020500183
1080543_A2_001059.png,34.57748253369544,0.8828717303819656,37.05115103355198,0.9489854550466538,37.42207500962466,0.9510565245885849
1080543_A3_001060.png,34.83438464972093,0.8651260356640815,37.77180973843124,0.9441317445049285,38.085147388616065,0.947321462770462
1080543_A3_001061.png,34.929691743084035,0.8852917432494164,37.833129143771,0.9544905124559403,38.078882921293996,0.9576616302642822
1080543_B4_001062.png,34.921280344395036,0.8972755627088547,37.08381771247793,0.951403747789383,37.24839366714455,0.9521939090976715
1080543_B4_001063.png,34.97860757515987,0.8689593806247711,37.98470296779474,0.949110823387146,38.18207886588223,0.9501417706756592
1080543_B5_001064.png,35.00355696681176,0.8625218864459991,38.294951830839864,0.9588561340370179,38.7824811628274,0.9608770956611633
1080543_B5_001065.png,34.95173194945825,0.8750853112168312,38.46285771816933,0.96250671383667,38.927106257655154,0.9651308156728744
1080543_C10_001074.png,36.26478146103277,0.900824097612381,39.98742061406202,0.9704993958377838,39.56121001270807,0.9672742711687088
1080543_C10_001075.png,35.05332465485678,0.8646389775681496,39.23999358475161,0.9666380071582794,39.82566832550986,0.9696547122097016
1080543_C11_001076.png,34.932365240891045,0.8787500188512802,38.171155865195594,0.9576536574707031,38.64883655628023,0.9614637435121536
1080543_C11_001077.png,35.18623903614768,0.8835797049617767,38.70029200013298,0.9659774882478714,39.051009378967706,0.9674198902778626
1080543_C12_001078.png,35.05542119546551,0.8834444133286476,38.40980476252416,0.9634808153333664,39.20419305392726,0.968511224190712
1080543_C12_001079.png,35.11103069410413,0.8752049073543549,39.12327664346333,0.9667234179601669,39.67470496480382,0.9695425013942719
1080543_C6_001066.png,34.85909460096817,0.8970224779920578,37.49240731249425,0.9559860278787613,37.86767040113645,0.9615648060541153
1080543_C6_001067.png,35.42969672414572,0.8870406014885902,37.817434448315566,0.9495616598148346,37.84465390589326,0.9497994015245438
1080543_C7_001068.png,35.31207598315993,0.8831309807896615,39.087942565370206,0.9678060524330139,39.51454582355199,0.9707439074106217
1080543_C7_001069.png,34.98079538787782,0.8839605813875199,38.015200912902415,0.9590593577527999,38.51082750025961,0.9619631737594605
1080543_C8_001070.png,35.22571423042407,0.8692712910561562,39.62115779175579,0.9725119399528503,40.3014562689567,0.9753184186038971
1080543_C8_001071.png,35.59230711179795,0.8758529388170242,38.933423658004386,0.9592605713768005,38.82167948725493,0.9585721711158752
1080543_C9_001072.png,34.858541030370375,0.8754447291445732,38.644470936292336,0.961985703948021,39.27951756961343,0.9674649251794815
1080543_C9_001073.png,34.966041171761844,0.8605043481054306,39.039516611930125,0.967622594157219,39.576177298238875,0.969571999862671
1080543_D13_001080.png,35.90445813605196,0.8931197000694275,39.77773667148008,0.9726566318912506,40.02191394501192,0.9737865312175751
1080543_D13_001081.png,35.17133382210147,0.8974026804037094,38.213851435987024,0.9646317005796432,38.969912663352176,0.9705112824726104
1080543_D14_001082.png,35.02580077970124,0.9014805956439972,38.466414391002196,0.9690198707609177,39.06492312000174,0.9728485478019714
1080543_D14_001083.png,35.39190659949708,0.8796871728982926,38.984286521995095,0.9667590754079819,39.35451994310212,0.9688635740480422
1080543_D15_001084.png,35.19408846326336,0.8753533210029601,39.1014036419243,0.9673910726575852,39.58992580531411,0.970792775379181
1080543_D15_001085.png,35.242378402999925,0.8865689563360214,38.632270469899325,0.9665955222215652,39.4662411961831,0.9730639496488571
1080543_E16_001086.png,35.266384007229355,0.8752547066078186,39.51169421014826,0.9719948904380799,40.16772220862613,0.9755022436561585
1080543_E16_001087.png,34.941571436277414,0.8681730086531639,39.431448314903854,0.9715411369781494,40.425872738474695,0.9765606037225724
1080543_E17_001088.png,35.29709246184367,0.8899252077102661,39.286092409878336,0.9719504948444366,39.94275661980881,0.9765627466030121
1080543_E17_001089.png,35.36125831012032,0.8746966143007279,39.90037968880189,0.975441095205307,40.661729822019666,0.9784515305347443
1080543_E18_001090.png,35.435898470990615,0.8786392153072358,39.73809315982788,0.9741809092464447,40.4700610290236,0.9766032972307205
1080543_E18_001091.png,35.158582163513145,0.8878325335378647,39.37145239205419,0.972544462141037,40.2419274786084,0.9787590749254227
1080543_F19_001092.png,35.047855597509624,0.8695152263593674,39.68469210406342,0.9734717669477463,40.71223811428099,0.9786902115716934
1080543_F19_001093.png,35.19854655686459,0.8753051586132049,39.93949905683242,0.9746850036563873,40.97903873224687,0.9799952257471085
1080543_F20_001094.png,35.38554453038326,0.8803740392065048,39.920025524212924,0.9767847384939193,40.60700617680719,0.9798399392700196
1080543_F20_001095.png,35.47932742650737,0.8745044823298455,40.421996328708985,0.9785509187736511,41.44593187390615,0.982262010052681
1080543_G21_001096.png,35.51065918741586,0.8781346433768272,40.28255561613033,0.978366835067749,41.17571396227699,0.9821796674985885
1080543_G21_001097.png,35.140584130646154,0.8692320839805603,39.91091017358079,0.9763318031978607,40.87679156412608,0.9819317501754761
1080543_G22_001098.png,35.27769838795403,0.8660762114343643,40.626281172933645,0.9774906559123993,41.38127182013852,0.9809369531917572
1080543_G22_001099.png,35.31253268170921,0.8632975154228211,40.57050003608752,0.9781123949890137,41.685993659124094,0.9825595595397949
1080543_X_001100.png,35.13593978529985,0.8941336470293999,38.43234887420308,0.9643862219247819,38.9223327357357,0.968189530035019
1080543_X_001101.png,35.08213019104083,0.877820169233799,38.77014842547803,0.9623869151706695,38.98784513666979,0.9631134118499756
1091102_A1_000782.png,35.96411581683719,0.9335900779209136,38.919463081974804,0.9790766008372307,39.44670985219766,0.9810874473891258
1091102_A1_000783.png,34.46201466685574,0.9325475741081238,35.57583346860072,0.9639905959191323,36.37119013474516,0.969339105486393
1091102_A2_000784.png,35.085222199090616,0.9357495787191391,36.7642809218831,0.967589014471054,37.20939633984331,0.9706409926466942
1091102_A2_000785.png,34.30454078246558,0.9191879208261967,35.76507251329129,0.9666769323672801,36.54782518058396,0.9701930784732103
1091102_A3_000786.png,35.330835958294415,0.931656699660778,37.73363280968221,0.9755459203033447,38.43287431386227,0.978146698138237
1091102_A3_000787.png,34.96337308396136,0.9376181643066406,36.50704440379859,0.9723102452774048,37.08587494891789,0.9746088278160095
1091102_B4_000788.png,35.10815838885935,0.9355981706705093,36.95225492069518,0.9700202596139907,37.57432586033484,0.9732260213222503
1091102_B4_000789.png,36.13685255933396,0.9320435255775452,39.829448750644254,0.9806058021502495,40.70266669623041,0.983672824596405
1091102_B5_000790.png,34.12506478507714,0.9287972245030404,35.250793392896,0.9622254977807999,36.08530274814484,0.9681399233384133
1091102_B5_000791.png,35.86455121608218,0.9313970371046066,38.61544874687082,0.9766706546854973,39.37419587528193,0.981251718747139
1091102_C10_000800.png,36.17053630723849,0.9354656670708656,39.60359698092876,0.9825258495483399,40.651274328962344,0.9852726630296708
1091102_C10_000801.png,35.07548767460537,0.9240341173949241,37.11737714147024,0.962846227560997,37.96786415075629,0.9674310772538185
1091102_C11_000802.png,36.527340345712986,0.9337129821958542,40.66701463384493,0.9838627328910827,41.20781540375343,0.9855610568494797
1091102_C11_000803.png,35.42462792883773,0.9278133717432022,38.09561915420946,0.9730756574363708,38.91650794607967,0.9767533696298599
1091102_C12_000804.png,35.90183913224738,0.9309391667718887,39.68526073857119,0.9829480053119659,40.463603892473266,0.9851620437965393
1091102_C12_000805.png,35.76183519608708,0.9361158829755784,38.553419701636976,0.976345961853981,39.08002754306478,0.9783988855724335
1091102_C6_000792.png,34.75479146582391,0.9318210461378098,36.71752927874818,0.970392369263649,37.71242123133871,0.9762119605717658
1091102_C6_000793.png,36.39786354425342,0.9336966069021225,40.85461247795123,0.9855240613622666,41.56754145763368,0.9867909138126373
1091102_C7_000794.png,35.234902172634094,0.9288092820215226,37.57004894103603,0.9714727852029801,37.84607459247177,0.9737211479387283
1091102_C7_000795.png,35.3168910631226,0.9355628264446259,37.736748400959954,0.9756612160372734,38.25364276573754,0.9771892341136932
1091102_C8_000796.png,36.13668526564737,0.9354441986641884,39.86562873097504,0.9839525386133194,40.789027482554665,0.9865449230680465
1091102_C8_000797.png,35.92560526276295,0.9281806113462449,39.75985077336425,0.9795108296575546,40.488462678340476,0.9820489413881301
1091102_C9_000798.png,36.137433447563645,0.9257818014411926,39.933352875212286,0.9793320141162872,40.74039044156556,0.9827435778121948
1091102_C9_000799.png,35.95263021224645,0.9297595611405373,39.94528184913124,0.9799114223613739,40.54004164424222,0.9819371726589203
1091102_D13_000806.png,35.79321124383946,0.93040727582407,38.75552362879287,0.9742753352184296,39.253076756543656,0.9768659961667061
1091102_D13_000807.png,35.78014769020341,0.9319526090545655,38.706022833566436,0.9762149723405839,39.80236177649224,0.9807893834886551
1091102_D14_000808.png,36.01182322567476,0.9273624883975983,39.0209064156745,0.974455035946846,39.83195810464081,0.9793294008264541
1091102_D14_000809.png,35.77862299181539,0.9373566616630554,38.31392557124934,0.9754149636163711,38.93128743314684,0.9778804280309678
1091102_D15_000810.png,36.12027725428325,0.9315090693502426,40.19229194395699,0.9817432604265213,40.88120868758472,0.9840334146032333
1091102_D15_000811.png,35.73320027444686,0.9237277659893036,39.18064366020211,0.9749689322052002,40.11457800221487,0.9790417042379379
1091102_E16_000812.png,36.17547008470503,0.9295742597026825,40.29350013631061,0.9811574785499573,41.36855785766981,0.9845105394048691
1091102_E16_000813.png,36.381847435541985,0.9300371869320869,40.80384109085376,0.9823473230285644,41.6600176079201,0.9847192129697799
1091102_E17_000814.png,35.94235659981395,0.9254999771881104,39.509636207025416,0.9762156811189652,40.33338278534472,0.9800915921182632
1091102_E17_000815.png,36.40526488860995,0.9273233281402588,40.83484280015354,0.98119287292099,41.92461687338976,0.984273077413559
1091102_E18_000816.png,36.03064732415473,0.9274857828245163,40.240343940733396,0.9793625183172225,40.964711005153106,0.9823509260807037
1091102_E18_000817.png,35.9528207185741,0.9240285893611908,39.726412701767146,0.977443464179039,40.364991944057216,0.9805634905166626
1091102_F19_000818.png,35.66179924989796,0.9161701159648895,39.58254143490924,0.9761749855146408,40.50158602975203,0.9805935748271942
1091102_F19_000819.png,36.5126400932509,0.9279564755544663,40.750178660911764,0.9812384669294357,41.4737444158657,0.984366777050972
1091102_F20_000820.png,36.440995471875894,0.9250939700779914,41.73973985252745,0.9848606748352051,42.91422689856237,0.9876997663450241
1091102_F20_000821.png,36.18897597769799,0.9282830418915748,40.22539807775654,0.9800111965942383,41.141236314723926,0.9837396690196991
1091102_G21_000822.png,35.95386481582929,0.9187277776141166,39.93354334445166,0.977043378991127,41.01269797468427,0.9816744312114716
1091102_G21_000823.png,36.20674733505894,0.91704975603199,41.271113476219554,0.9823158295211792,42.50833641876115,0.9864654883604049
1091102_G22_000824.png,36.32729739904162,0.9171645892744065,41.65746447239108,0.9839767280950547,42.839317853756114,0.9872165410366058
1091102_G22_000825.png,35.9065349395437,0.9190982917819023,39.8796821622601,0.9767478253736496,40.92774672289602,0.9816488778438568
1091102_X_000826.png,35.69571122097184,0.9372924656267166,38.60434907637041,0.9782612309732437,39.144105122166415,0.9801232592544555
1091334_A1_000506.png,33.9960720287668,0.9293024054757952,35.58794555291533,0.9665403897573948,36.224802765748215,0.9696652788655757
1091334_A1_000507.png,35.3309223921895,0.9293501154456139,37.869292386998424,0.9735222414832115,38.68638228483853,0.9779306513385773
1091334_A2_000508.png,35.63342464828692,0.9378667370843887,38.376963861695074,0.9807724624681473,38.82892631340848,0.9814868112077713
1091334_A2_000509.png,35.32026717213499,0.9315772776126862,38.71873582731978,0.9826742997875214,39.09195070527608,0.9833790232954025
1091334_A3_000510.png,35.45215518277003,0.9330482235207558,38.38418656548419,0.9784473686337471,39.04511581409069,0.9807567025699615
1091334_A3_000511.png,35.94295715894185,0.9315244841399193,39.773487973907336,0.9834937639327049,40.476629671744185,0.9862825997047424
1091334_B4_000512.png,35.95634938665042,0.9315296743307113,40.054887023144175,0.9823534015893937,40.7912158141025,0.9847081613817215
1091334_B4_000513.png,35.724385110407354,0.9305598407325745,39.57908074335586,0.9837330646438599,40.39007143147272,0.9853698350701332
1091334_B5_000514.png,36.050329444243275,0.9341071068987846,39.75818266294154,0.9819203862562179,40.37117043396449,0.9839481662025452
1091334_B5_000515.png,35.960562921963955,0.9306303707756997,40.11295635555358,0.9830928307867051,40.823703769795245,0.9853201329984665
1091334_C10_000524.png,36.15000364864033,0.9304466913871765,40.23253134096013,0.982331356209755,41.30891445849986,0.9859318448925019
1091334_C10_000525.png,36.212304630531506,0.9327001727137566,40.61351549893506,0.9837095088672638,41.51669590692133,0.985799437078476
1091334_C11_000526.png,35.87683288656899,0.9307240746026039,39.207299414468615,0.9786285614490509,39.96547583768954,0.9819686323080062
1091334_C11_000527.png,36.19466646144919,0.9266965287370682,40.63091002380438,0.9815913458175659,41.9129650468983,0.9861920865106583
1091334_C12_000528.png,36.37140267251845,0.9384815621576309,40.37832507656108,0.9846825813007355,41.010858247210706,0.9866239508047104
1091334_C12_000529.png,36.20445957028666,0.9289893773870468,40.58556463859425,0.9824056601209641,41.526156880705585,0.9856044805583953
1091334_C6_000516.png,36.17413186085066,0.929985095826149,40.49920730104706,0.9844937001390457,41.19836394132162,0.9853969343700409
1091334_C6_000517.png,36.60992104238343,0.9354794985146523,41.48106221963249,0.9872464586811066,42.211473440350325,0.988668436003685
1091334_C7_000518.png,36.07443547540172,0.9313530366210937,40.41136204530028,0.9852390003061294,41.252811459278135,0.9869303227586746
1091334_C7_000519.png,35.98067742778241,0.9333153120470047,40.050028531246895,0.9849937673492432,40.76472577469893,0.9866845309114456
1091334_C8_000520.png,36.55737145605147,0.9351308266110421,40.92358471941674,0.9843634808521271,41.74538708273101,0.9869495863771438
1091334_C8_000521.png,36.56869362704059,0.9366994919042587,41.228104551819264,0.9862785355138779,42.03247525724369,0.9881799522562027
1091334_C9_000522.png,35.988613896869516,0.9203450361771583,40.04365181488673,0.9782300188512802,40.86206319986531,0.9823885693206788
1091334_C9_000523.png,36.383012105834105,0.9343670538282395,40.73715276297413,0.98701721164608,41.68758657878595,0.9889626040773392
1091334_D13_000530.png,36.611491572872296,0.934573516567707,41.4747746609206,0.9869046138916016,42.534215116505855,0.9892616275482178
1091334_D13_000531.png,36.12174310090012,0.9296238019690514,40.240343835182614,0.9812730950918198,41.19413566059435,0.9848100828962326
1091334_D14_000532.png,36.52082006906304,0.9349442031183243,41.380837582337705,0.9875492113199233,42.62679952523521,0.990183693449974
1091334_D14_000533.png,35.874179362639964,0.9300691993026733,39.467611175179854,0.979152366973877,40.48426776699368,0.9839336484699249
1091334_D15_000534.png,36.493144742740924,0.9311602949852943,41.59385102758594,0.9868603430480957,42.8689684689865,0.9899421341609955
1091334_D15_000535.png,36.44146057687731,0.9307062604608536,41.29192077209065,0.9855833928737641,42.37011064452301,0.9882271269540787
1091334_E16_000536.png,36.447741350985574,0.9299278964757919,41.84562052809086,0.9874640779094696,43.04475868070013,0.990081364733696
1091334_E16_000537.png,36.03004134830832,0.9248573470015525,40.25016750936889,0.9812032560644149,41.26566789184889,0.9865227661104202
1091334_E17_000538.png,35.577468642693795,0.9163374350566864,39.47813584237458,0.9758585797185898,40.32956599034399,0.9812483492574692
1091334_E17_000539.png,36.51291093585813,0.9293418991146087,41.370220107884734,0.9840169422521591,42.774858888896894,0.9882486155471801
1091334_E18_000540.png,36.76254369705303,0.9331783801798821,42.216190230168806,0.9886153320579529,43.30982297120201,0.9911117167863845
1091334_E18_000541.png,35.83259237264783,0.9271246983594894,39.77947004209497,0.9804117143850326,40.632666169559386,0.9839683339471818
1091334_F19_000542.png,37.086968954351555,0.9330119018564225,42.96090885285422,0.9888849546613693,44.03311090712095,0.991369942276001
1091334_F19_000543.png,36.50854916510988,0.9236837216072082,41.751362302011835,0.9842071664123535,43.13703265940823,0.988819516919136
1091334_F20_000544.png,36.31015848044753,0.9244237980308533,42.120454476249336,0.9876286179103851,43.78382177569613,0.9908546035470962
1091334_F20_000545.png,36.29975572283807,0.9258837714133262,41.36851596852688,0.9852097358465195,42.81130830003246,0.9892105230283738
1091334_G21_000546.png,36.16067076598939,0.9251589483571052,41.45716376649866,0.9856002216844558,42.28877300197759,0.9880947028665542
1091334_G21_000547.png,36.18356273692259,0.9203089661178588,41.397662954366076,0.9840038626470565,42.45926231603343,0.9882605634527206
1091334_G22_000548.png,36.81063535430355,0.9314129094176292,42.77435688371139,0.988601087808609,44.22060568274496,0.9911347905912399
1091334_G22_000549.png,36.47522841473825,0.9260134596333504,41.41894588243299,0.9850501370687484,42.61068875117432,0.9886601121511459
1091334_X_000550.png,35.93178761329457,0.9293681024260521,39.969754700326504,0.9816837267551423,40.97268474262343,0.9850262064647675
1091334_X_000551.png,36.17305634314429,0.9309037755970955,40.38081638339942,0.98314844734478,41.169826163015635,0.985185562874794
1091491_A1_001010.png,35.07817198324451,0.8742414241051674,37.67143883448636,0.9488495787086487,38.02732965480544,0.9516068113322258
1091491_A1_001011.png,35.744193911619476,0.927460120370388,38.85543637706694,0.9766918565602303,39.691340859410445,0.9785488482813836
1091491_A2_001012.png,35.14655268461874,0.8980878644618988,37.02012879975365,0.9522644412984848,37.08472901680225,0.9516800355300903
1091491_A2_001013.png,35.8955480186957,0.9266914100394249,39.88412528842197,0.9810019671297073,40.42233295981171,0.9823105435180665
1091491_A3_001014.png,35.231753793154596,0.9120912270703315,37.64424343767076,0.9631353961906433,37.75095160797076,0.9625739796476365
1091491_A3_001015.png,35.91002939090798,0.9273936039075852,39.62903829286912,0.9786823445749283,40.181004205360225,0.9812777556247712
1091491_B4_001016.png,35.32514867773018,0.9115121452026367,38.294263522244634,0.9681082811832428,38.43791422803769,0.968405613615036
1091491_B4_001017.png,36.050940809137856,0.9271868448181152,40.02087941132388,0.9799170496845245,40.302253576341194,0.9808008322067261
1091491_B5_001018.png,35.33406267268121,0.9161823832907676,37.718154218880095,0.965397537697792,38.01735002731119,0.9671959908809662
1091491_B5_001019.png,36.283661308461134,0.9008926542015075,40.730998259048796,0.9759630088787079,40.57446503048397,0.9753486097106934
1091491_C10_001028.png,36.2508895911957,0.897161181933403,41.20536665995302,0.9779684474058151,41.471898980729456,0.9782249979305268
1091491_C10_001029.png,36.139727204196774,0.8937944934773445,40.96477480815018,0.9792946547603607,41.16366699382133,0.9800697463989257
1091491_C11_001030.png,36.62725477017658,0.9245348980231285,42.16805857526844,0.9858975523471832,42.7663530129264,0.9869218295564651
1091491_C11_001031.png,36.06783743398918,0.9165655627760887,39.55383751653095,0.9754064637660981,39.99083625005734,0.9777811319532395
1091491_C12_001032.png,36.71169351288421,0.9326036666307449,42.398043458757435,0.9879508846874238,43.29447644717402,0.9892060562086106
1091491_C12_001033.png,36.27941472845826,0.9203965392231941,40.80861409959432,0.9808105524454117,41.157995165066126,0.9819243544244767
1091491_C6_001020.png,35.78731367617027,0.8821623347411156,39.668317600705386,0.9659275391921998,39.53269195816636,0.9648685394573212
1091491_C6_001021.png,36.21213902158598,0.9239122483234405,41.31446961320129,0.9856383074798584,42.04863209208689,0.986903959569931
1091491_C7_001022.png,36.40206102024707,0.9138788513469696,40.9319381087231,0.9798816412649155,41.318761465803675,0.9812866275453568
1091491_C7_001023.png,36.86282983931198,0.930241334985733,42.255292428264966,0.9872180201749802,43.029704997279275,0.9885842184410095
1091491_C8_001024.png,36.59605522394605,0.9151870496721267,41.39847862203027,0.9810222105941773,41.80790634682602,0.9824869283933639
1091491_C8_001025.png,36.743801735711045,0.9145019175858498,42.33715183867868,0.984513913649559,42.78017170458717,0.9857859750595093
1091491_C9_001026.png,36.86851690236156,0.9319103963990212,42.650168364326674,0.98861428586483,43.80068457729867,0.9904208181238174
1091491_C9_001027.png,36.11935397600297,0.9179781818380356,40.04122318553609,0.9770706581811905,40.309656579791294,0.9786559639844894
1091491_D13_001034.png,36.325144049111046,0.9276911569547653,40.7155291516101,0.9837622565526962,41.3204045868034,0.9856871136817932
1091491_D13_001035.png,36.519369298091455,0.909858153157711,41.73542166009877,0.9828473373174668,42.25662886843799,0.9841015529289245
1091491_D14_001036.png,35.78059124351271,0.8966619059171677,39.77085767814765,0.972587308854103,40.270152780513094,0.9761278198919296
1091491_D14_001037.png,35.50543614525927,0.8991128800582886,38.86444263520229,0.9684448364448547,39.28069186568605,0.9713169740352631
1091491_D15_001038.png,35.894144578940875,0.907638447763443,40.235844002734765,0.9765166728668213,40.63685348118186,0.9787401039018631
1091491_D15_001039.png,35.491374213132886,0.8635328726425171,40.188086296570475,0.9756134496479034,40.81626941394681,0.9781816578865051
1091491_E16_001040.png,35.70519658772683,0.8941150751914978,39.57819274356273,0.9726291226511001,40.024762215422555,0.9760960461502075
1091491_E16_001041.png,35.68636941423061,0.8747015063824654,40.521386196325,0.9766817431526184,40.88956849140122,0.9785276533603668
1091491_E17_001042.png,35.28588194290743,0.891612478070736,39.231668809690525,0.9703551833801269,39.68827610726039,0.9740461130552291
1091491_E17_001043.png,35.909364230585034,0.9053408736143113,40.075660761761974,0.9762698226518631,40.425355547323356,0.9782564522047043
1091491_E18_001044.png,36.2936771309861,0.9159910861759186,40.8957890881457,0.981813897400856,41.401095059904556,0.984029934337616
1091491_E18_001045.png,35.82590326894615,0.8800342615532875,40.59797941502629,0.9789021537065506,40.892070608231215,0.9799416442565918
1091491_F19_001046.png,35.64225021223003,0.865050285642147,40.69124025456517,0.9768849831094741,41.21104685934715,0.9790767080860138
1091491_F19_001047.png,36.55924272238032,0.9186530387349129,42.367104397119874,0.9866489711914063,43.442100984078664,0.9891991628789901
1091491_F20_001048.png,35.71534067320298,0.897075748005867,40.03850800547292,0.9768278668251038,40.61988188963333,0.9805772101974487
1091491_F20_001049.png,35.40013519215461,0.8679309562463761,40.545469173689426,0.9782130989542007,41.328146650388504,0.9814058710470199
1091491_G21_001050.png,35.477860846482436,0.8664424245252609,40.36607870683066,0.9780664992971421,41.18803589240352,0.9814918891029358
1091491_G21_001051.png,35.96511137751784,0.8975327547125816,40.79521627071568,0.9804034812240601,41.39320834601989,0.9832555963935852
1091491_G22_001052.png,36.628909070635544,0.9153724692220688,42.70600004697154,0.9866485362329483,43.41821283336505,0.9886736858787537
1091491_G22_001053.png,35.90869893779892,0.883549957616806,41.5557585323057,0.9824931234264374,41.87683036834436,0.9840269766654969
1091491_X_001054.png,36.191624907717056,0.9061196362891197,40.45937666957036,0.9754331235694885,40.529794299333766,0.9752366748065948
1091491_X_001055.png,35.601561267804676,0.8989591669092178,38.76655659733114,0.9673922828569412,38.90482674455873,0.9683509151353836
1100403_A1_001564.png,34.217815150149505,0.9251442265377045,35.10407731387063,0.9557018887300491,35.79517144380941,0.9600127189888954
1100403_A1_001565.png,32.41467907994827,0.9162126390371322,32.80314264641718,0.9419052502651215,33.30674502527792,0.9446242069286108
1100403_A2_001566.png,35.76231618231703,0.933839518260479,38.25097835131252,0.9777152645235062,39.2897599755765,0.9821306058225632
1100403_A2_001567.png,35.34984160045608,0.9342783865375519,37.483274767584064,0.9727188477344513,38.281366927752536,0.9760249522995949
1100403_A3_001568.png,35.53594931724327,0.9314030727796555,38.04110826387301,0.9757978096666337,39.00972805291821,0.9795197409820556
1100403_A3_001569.png,35.86760639797919,0.9286612959570885,39.184679413319486,0.9800314376869201,39.88937771804624,0.9824367619390487
1100403_B4_001570.png,35.23240923346963,0.9244992552752495,37.229860713888264,0.9634894822397232,37.98773439460502,0.968049538670063
1100403_B4_001571.png,35.851577810608354,0.9351033608865738,38.99728387091691,0.9788499811487198,39.59690448857268,0.9805634638490677
1100403_B5_001572.png,35.832282872922804,0.9328012437233925,38.60183713472687,0.977307120941639,39.36469437874622,0.98033874852705
1100403_B5_001573.png,35.59373975026093,0.934644691801548,38.23288045335947,0.9793916232671738,39.08950394750187,0.9821759503850936
1100403_C10_001582.png,36.5198279796721,0.9359650657892227,40.57745545913004,0.9833559363441468,41.42373842433558,0.9856634294071197
1100403_C10_001583.png,36.42334117137257,0.9330949807229042,40.286135449403055,0.98261626359272,41.494857870873744,0.9869339296197891
1100403_C11_001584.png,35.90456254815409,0.9294998948106766,39.38326696515173,0.9776737323360443,40.17635281116369,0.9803876095018387
1100403_C11_001585.png,35.73564653716265,0.9292748834576606,38.645209315000656,0.9734732488546372,39.691644650901964,0.9788700732235909
1100403_C12_001586.png,35.924582146873114,0.9286401053299904,39.164950167339065,0.9756340871763229,39.64894822376799,0.977258417593956
1100403_C12_001587.png,35.93264256885752,0.9297577611474991,39.422177628691514,0.9761597118864059,40.16898271601549,0.979772928073883
1100403_C6_001574.png,34.84728136986745,0.9261094479146004,36.39298287817771,0.9613803974318504,37.07149402629962,0.9648157039504052
1100403_C6_001575.png,35.06883160588659,0.926156110092163,37.00690989648804,0.9640926044712067,37.967966421103434,0.9702748004670143
1100403_C7_001576.png,35.74821165789561,0.9315814031786919,38.542542976693895,0.9743722139205933,38.85731598447996,0.9755135457601547
1100403_C7_001577.png,35.28863314162343,0.9281881046566963,37.83600131009487,0.9736616668891906,38.53856687717043,0.9769420094213486
1100403_C8_001578.png,35.98241562817145,0.9337503254284859,39.19069761185117,0.9782515996131897,39.958767734003494,0.9809447747211456
1100403_C8_001579.png,36.268961716131756,0.9282791691660881,41.30311874886373,0.9863223455295562,42.364380636377575,0.9883170672798157
1100403_C9_001580.png,35.51109995174996,0.9325499191622734,38.20195880301018,0.9744279120216369,38.85968995743469,0.9772968327989578
1100403_C9_001581.png,35.8645789635748,0.9331157744202614,38.77680235139065,0.9741845292453766,39.347630158375935,0.9764494000797271
1100403_D13_001588.png,36.19487741980139,0.9311546150465012,39.99620901049901,0.9817476576299667,41.265013118440876,0.9854938113260269
1100403_D13_001589.png,36.295535007765416,0.925060182410717,40.552465473849175,0.9810548686408996,41.403234354491346,0.9842955505466461
1100403_D14_001590.png,36.71732647668652,0.934895086107254,41.422550539566515,0.9854058071336746,42.24319858006705,0.9875613897285461
1100403_D14_001591.png,35.98583125941415,0.9280792452931405,39.73510992904157,0.9789929364643097,40.80521451634402,0.9829766782875061
1100403_D15_001592.png,36.60393539806525,0.929579289630413,42.1801301288255,0.9869656680412292,43.28235112360143,0.9888400899362564
1100403_D15_001593.png,36.13840303498548,0.92691870703125,39.725474895595156,0.9765599101009369,40.492684081257934,0.9793182014255524
1100403_E16_001594.png,36.51452394607461,0.9207114797582626,41.561025487815,0.9838809085931778,42.26024585631281,0.9856282162256241
1100403_E16_001595.png,36.273873878012175,0.9285333259768486,40.677305570909354,0.9823991414508819,41.6236969703704,0.9849629798727035
1100403_E17_001596.png,36.74930350470822,0.9296755563182831,42.00889472906464,0.9863706062574387,43.08229135229703,0.9886064381065368
1100403_E17_001597.png,36.08662119830135,0.9181462982563973,40.388031667760146,0.9784027543783188,41.23076935504392,0.982030183145523
1100403_E18_001598.png,36.699433886790864,0.9306821949477195,41.90493017675506,0.9856547780370712,43.110441331133615,0.9888224678583145
1100403_E18_001599.png,36.74109358553798,0.9335677766294479,42.10181258529752,0.9875245054159164,43.38491308201558,0.9902934761943817
1100403_F19_001600.png,36.73081412494865,0.9181160389509201,42.664562697072284,0.9862388109893799,43.70789001727951,0.9886172036514282
1100403_F19_001601.png,35.74779327030148,0.9185059158525467,39.40133350431801,0.9734707505893707,40.11751931564732,0.9770054517917633
1100403_F20_001602.png,36.54862262883965,0.929654750872612,42.11700177420987,0.9873376945104599,43.51513589415972,0.9899518773221969
1100403_F20_001603.png,36.27294762888911,0.9271430653352738,40.53441331299374,0.9808884274930953,41.47384422047604,0.9840266470365524
1100403_G21_001604.png,36.22432526711948,0.9212487126755714,41.12121609035845,0.9830168115139007,42.20005896082573,0.9871470968351365
1100403_G21_001605.png,36.7551773008593,0.9289764715437889,42.706342181586514,0.9877326880865097,43.98067803747256,0.99019024335289
1100403_G22_001606.png,35.58337961298011,0.9081582221317291,39.68442676572029,0.9759767092313767,40.53945313669924,0.9802962569694519
1100403_G22_001607.png,35.674865441294955,0.914530150185585,39.34543818030563,0.9735030822954178,40.43216093551757,0.9802600588655472
1100403_X_001608.png,36.460613550503865,0.9356163971138001,40.98207874444911,0.9856357302465439,41.826101697588825,0.9874673449573517
1100693_A1_000322.png,35.09876372739403,0.9352209939613342,37.20882307446849,0.9736938558235169,37.98027734711093,0.9768069899754525
1100693_A1_000323.png,34.930328508715775,0.9376591371502876,36.82664630394564,0.9720747636761665,37.4583073937164,0.9747499340152741
1100693_A2_000324.png,34.58797586463201,0.9283518871955871,36.46075184314877,0.964623390753746,37.33810759171318,0.9705811529345513
1100693_A2_000325.png,35.532257555309066,0.9295189664034843,38.49308539109617,0.9789520466628074,39.532005467011835,0.982683857246399
1100693_A3_000326.png,35.885570489853315,0.9354452949271203,39.319587348179695,0.9797724551668167,39.55061062988479,0.9802110949478149
1100693_A3_000327.png,35.97817804187657,0.9313821310815811,39.63902399006193,0.9803204723873138,40.235811588708906,0.9827048081474304
1100693_B4_000328.png,35.840780618448576,0.9297957251224518,39.33883419305103,0.9771750599737168,39.836862940459056,0.9786757282514572
1100693_B4_000329.png,36.39758171157227,0.9326005616235733,41.772968625318036,0.9894076511945724,42.562987913024266,0.9902538471546173
1100693_B5_000330.png,36.40243625344575,0.9319676979064941,40.59819000252246,0.9837404768123627,41.624496830001824,0.9863460120010376
1100693_B5_000331.png,36.781954537618006,0.9321817246084213,42.226881560279175,0.9872781581354141,43.4939184761589,0.9893458191595077
1100693_C10_000340.png,36.27599001857797,0.9340652196269036,40.68714322323625,0.9834895857572555,41.62066144167345,0.9860637465496063
1100693_C10_000341.png,36.35828454495773,0.9231908784036637,41.38096375036444,0.9836310760354996,42.31696759115101,0.9861902586860657
1100693_C11_000342.png,36.45322785567715,0.9272696729850769,41.499864398698,0.9844480676879883,42.51635115748519,0.9870031792173386
1100693_C11_000343.png,36.472384311539294,0.9289652646007538,41.31129836553139,0.9843017060632706,42.18198236395966,0.9867382238702774
1100693_C12_000344.png,35.95286201211192,0.927374254550457,39.912587894993756,0.978307265171051,40.63238327139862,0.981463977347374
1100693_C12_000345.png,36.440906976161884,0.9313593211984634,41.366784487677066,0.9845814807777404,42.09934948693878,0.9858267042369843
1100693_C6_000332.png,35.65607808115887,0.9214614597406388,39.28828052316318,0.9766419404792785,39.89361213359504,0.9790212007665634
1100693_C6_000333.png,36.08984393023394,0.9305249834389686,40.184703197787755,0.982079786670208,40.960449815795684,0.9840772765283584
1100693_C7_000334.png,35.994636399305186,0.9301286456904412,40.376779945776235,0.9831425775194168,41.15043100269886,0.9853367840490341
1100693_C7_000335.png,36.034222334411375,0.9277675151276589,40.50125432193799,0.9823669128913879,41.332728909442935,0.985133554903984
1100693_C8_000336.png,36.49041994504498,0.9259001746826172,42.10384692788048,0.9862553780403137,43.00225503603295,0.9878933785991668
1100693_C8_000337.png,36.03884905355632,0.9252530033884049,40.24186303835813,0.9798405017442703,40.93428797257126,0.982754164812088
1100693_C9_000338.png,35.95519231042491,0.9286469309010505,39.59653297526965,0.9786826689920426,40.74933066544537,0.9834520364017486
1100693_C9_000339.png,35.92431148808893,0.9298503831119538,39.47687086575916,0.9776259144306183,39.9945190966209,0.9796919112634659
1100693_D13_000346.png,36.13706749082355,0.9258656963682175,40.89472453722935,0.9829226146507263,41.82490694889143,0.9855655025215149
1100693_D13_000347.png,36.462213917488725,0.9279004211683274,41.18624086552421,0.9845957905521393,42.19547784980347,0.9879417526464462
1100693_D14_000348.png,36.233996257838726,0.9241906527628898,40.68222751701957,0.98302612860775,41.389627979609315,0.9861003051719666
1100693_D14_000349.png,36.75837021481652,0.9313660244588852,42.92144991738561,0.9898533389816284,44.41149359501749,0.9920770374231338
1100693_D15_000350.png,36.37314198740383,0.9270007277722359,41.174071039685444,0.9832813991413116,42.11673623372675,0.9863857945270539
1100693_D15_000351.png,36.71603588536573,0.929124137166977,41.91743183288977,0.9854201118450164,43.09135662130344,0.9884276679487228
1100693_E16_000352.png,36.57420906977892,0.9264355957555771,42.349283005457316,0.9877647009153366,43.8114561064852,0.990522343873024
1100693_E16_000353.png,36.40526422900461,0.9258683609714508,41.84749137014116,0.9861754895830155,43.302535245047864,0.9895872274456025
1100693_E17_000354.png,36.131418200338295,0.9184121044931411,40.563172678080704,0.9790898574905396,41.53605960194557,0.9835004618911743
1100693_E17_000355.png,36.06770975568842,0.9201034651260376,40.677793737173715,0.9810635977697373,41.76933711521521,0.9859161259803771
1100693_E18_000356.png,36.31323228962173,0.9175625842766761,41.092536598483974,0.9829418515443802,42.03793010706876,0.9867953862295151
1100693_E18_000357.png,36.53606428326194,0.9252790621557235,42.473072744900534,0.9880647536258698,43.867307854385835,0.9911396468963624
1100693_F19_000358.png,36.42648203070151,0.9138915520658493,42.00793999283554,0.9842322267112732,42.69025609917959,0.9862919266061783
1100693_F19_000359.png,36.86137029145155,0.928580714635849,43.17895461243658,0.98960410435009,44.44293065345933,0.9914446631402969
1100693_F20_000360.png,36.10601337439415,0.9147700522947312,40.89489989166373,0.9825953965311051,41.55546667201407,0.9856802747106552
1100693_F20_000361.png,36.85214329756849,0.9296012303743363,43.10500074584145,0.9886305578279495,44.22618450746849,0.9905509368953704
1100693_G21_000362.png,35.7477495691482,0.9090165228786469,40.24071006159046,0.9790527861652374,41.203120566542665,0.9835001565933228
1100693_G21_000363.png,36.55326859134831,0.9254185897932052,42.426780586739625,0.9869449787950516,44.04052035415504,0.9905237532987594
1100693_G22_000364.png,36.12285373723989,0.9112603271808625,40.85092890044522,0.9810084693069459,41.70468003556615,0.9847000572195053
1100693_G22_000365.png,36.15284359377704,0.9169554556927682,41.32558760517383,0.9835210695161819,42.13630911794706,0.9862963680419922
1100693_X_000366.png,36.418730046445674,0.9252670343379974,41.10353378368555,0.9822692141771316,41.886260622170255,0.9842139913196564
1100693_X_000367.png,36.372282081596396,0.9298831735639572,41.48420223517345,0.9858620750246048,42.504035132977066,0.9879498259725571
1100743_A1_000368.png,35.76159058637522,0.9283529477310181,38.83185349856529,0.9739387078876496,39.53409201400709,0.9783541556568146
1100743_A1_000369.png,35.260981724568566,0.9331907183265686,37.504018802045636,0.9713413967494965,38.29275659743693,0.9756660336122512
1100743_A2_000370.png,35.72132988197462,0.9263548691177368,39.21962871460788,0.978300997141838,40.121992418232466,0.9815922361540794
1100743_A2_000371.png,35.69541193018287,0.9309970233469009,39.17401565168897,0.9799309606513977,39.86109597589723,0.9820908341588974
1100743_A3_000372.png,35.75517529303543,0.9257295899071694,39.820316037855335,0.9799629453001022,40.560551209257284,0.9826824989976883
1100743_A3_000373.png,35.73442662546037,0.9271481578202247,39.219986363084814,0.976644548169136,39.726259441120845,0.9787116388912201
1100743_B4_000374.png,35.82558010945487,0.923815467074871,39.62110146515882,0.9775127574062348,40.61909420287961,0.9813097824420929
1100743_B4_000375.png,36.31802277228865,0.9335903309297562,40.38147283926955,0.9829960161743164,41.32904587746821,0.9857037025804519
1100743_B5_000376.png,35.95637392974183,0.9304121964235306,39.79035200415015,0.979891028421402,40.52028286482117,0.9824911140184402
1100743_B5_000377.png,35.64491919084648,0.9244776441569328,39.27787730120335,0.9766004534025192,40.06591315580388,0.9803430639152527
1100743_C10_000386.png,35.66488927881497,0.9055042146501541,39.537141404959286,0.9724306432304383,40.327114749830244,0.9785703359432221
1100743_C10_000387.png,35.63249758050167,0.9197658546271325,39.30933514872021,0.9764306311950683,40.18757516354006,0.9809607549505234
1100743_C11_000388.png,36.5883760473925,0.9310457855410575,41.43963787031239,0.9846803214530945,42.28865187082192,0.9873432423915863
1100743_C11_000389.png,36.40570537450303,0.931160976213932,40.63495413535317,0.9822123625535965,41.63528003784673,0.9854235445280075
1100743_C12_000390.png,36.05963959600229,0.9233158156971931,40.28101147063458,0.9817276140966416,41.187526580703945,0.9848492067136765
1100743_C12_000391.png,36.71073209954742,0.9250851749916077,42.413258364977615,0.9871019148654938,43.42448598293015,0.9891945516147613
1100743_C6_000378.png,36.65821235423992,0.9281313667240143,42.65272045307352,0.9892345140199661,43.88686714191444,0.9907367098760604
1100743_C6_000379.png,35.60482548102443,0.9259264756650925,39.125342251731475,0.9749404347457886,39.73055790687413,0.9785117184038162
1100743_C7_000380.png,36.20030050380051,0.9277299007425308,41.04746317999947,0.984761670208931,41.86435056344222,0.9867542196102143
1100743_C7_000381.png,35.962425672923615,0.9244351930990219,39.52631777539913,0.9767301206855774,40.30949230892795,0.9803650198116303
1100743_C8_000382.png,36.42602340810917,0.9282104090094566,41.677542436614424,0.9850696812734604,42.541637370685955,0.987076571644783
1100743_C8_000383.png,35.856992941678804,0.9235949543933868,39.67619905381326,0.9773378605384827,40.64126911221444,0.9816037848243714
1100743_C9_000384.png,36.067255157985045,0.9249901369595528,40.495527657441755,0.9814971202020645,41.41915783168163,0.984462148221016
1100743_C9_000385.png,36.404427437152286,0.928984844827652,40.673697652772354,0.9813124306650162,41.5696617854671,0.9846141171998978
1100743_D13_000392.png,36.29469464811499,0.9255510912532806,40.744839808274506,0.9815002857370376,41.773918938764226,0.9850266627035141
1100743_D13_000393.png,36.065694466357186,0.9188962159113884,40.61623952335101,0.9807362351341248,41.652064220882835,0.9847931440229416
1100743_D14_000394.png,36.50720504664139,0.9263156728272438,41.58446168944128,0.9842770437297821,42.65198830282578,0.9873846292667389
1100743_D14_000395.png,35.96907521196806,0.9178086961455345,40.030669905251,0.9783906882810592,41.06041448058064,0.9833922936782837
1100743_D15_000396.png,35.92699732219249,0.9207540052375793,39.68560185408066,0.9768940617341996,40.63926130412122,0.9821927523469925
1100743_D15_000397.png,35.964123040541246,0.920354731294632,40.397636912225686,0.9803880756072998,41.737321649431706,0.9852065929813385
1100743_E16_000398.png,36.59095026262893,0.9296999768667221,41.863161116106504,0.9860088787651062,43.060668886428466,0.9891338834409714
1100743_E16_000399.png,36.05902132553089,0.9186154721117019,41.2676732776051,0.983203180273056,42.357780944588825,0.9868310192928315
1100743_E17_000400.png,35.77019715816486,0.9035859843177796,40.12342866963336,0.9757418762874603,41.22016100234391,0.9828382645969391
1100743_E17_000401.png,35.97227471062253,0.9202498340911865,40.687895452195875,0.9819410111064911,41.8296878208768,0.9859028150453567
1100743_E18_000402.png,36.12367358034804,0.9224815508699417,40.52113318768733,0.9805366702489853,41.35228971431387,0.9844602812261581
1100743_E18_000403.png,35.955856574521555,0.9156068693146706,40.7091410587407,0.9811959653129577,41.99414253188092,0.9858305982370377
1100743_F19_000404.png,36.011365917217354,0.9120556192440986,41.14526739932576,0.9821154847297668,42.30542854499835,0.9867131433162689
1100743_F19_000405.png,36.34521318699364,0.9166693648748397,41.70643092046748,0.9833938835763931,42.73725813447071,0.9868727397508621
1100743_F20_000406.png,35.89157503960474,0.9143464036569595,40.45827787158794,0.9812441030635833,41.377925338868444,0.9859153540239334
1100743_F20_000407.png,35.979957236702454,0.9093937679219246,40.84232131449686,0.9798333209829331,41.67758723878131,0.9843618640966415
1100743_G21_000408.png,36.02898359737462,0.9086489729661942,40.67659075998158,0.9795975371351242,41.773290563636834,0.9850773334989548
1100743_G21_000409.png,35.99776590102061,0.901827944199562,40.95081070824668,0.978630071516037,42.0013263779424,0.9849422238864899
1100743_G22_000410.png,35.73150719117647,0.9015520535373688,40.60571697671476,0.9788766350364685,41.54920159533947,0.9843541815958023
1100743_G22_000411.png,35.582781157324284,0.8980051016201973,40.16056757215226,0.9762859294309616,41.435608015387324,0.9838889034605026
1100743_X_000412.png,35.9835333949974,0.9322278425803184,39.49042579750194,0.9795540530347824,40.46653029873524,0.9826630755167007
1100743_Y_000413.png,35.92771047311177,0.9113174372777939,40.28085921285214,0.9784889456701279,41.17280250154681,0.9839310184402466
1101245_A1_000644.png,35.12477168294072,0.8934085827851296,38.12559815009946,0.9692263853645324,38.38512096483919,0.9720223680553436
1101245_A1_000645.png,35.44081223903062,0.8902021174898147,38.573215134136035,0.9715448928403855,38.605805348997734,0.9735462862157822
1101245_A2_000646.png,34.404371403288636,0.8923115977172852,36.57332930127096,0.9640655513753891,36.75037525011108,0.9635879589262009
1101245_A2_000647.png,34.734806362728534,0.9019923576521873,37.02270031755354,0.9615300365896225,37.18847875995776,0.962456920923233
1101245_A3_000648.png,35.24051818285646,0.9010404366927147,38.07905958413909,0.9681151774368286,38.32977640024861,0.9703247217211723
1101245_A3_000649.png,35.897354928791515,0.8841830553760529,39.99680994745825,0.9766307356238365,40.436215576402404,0.979800795170784
1101245_B4_000650.png,35.0952183808611,0.9023240939569473,37.5503093899399,0.9668365743756294,37.650017564174576,0.9684842838935852
1101245_B4_000651.png,34.659906914241866,0.8934154215655327,37.32821950845381,0.9650774217348099,37.68974374587911,0.9673665217752456
1101245_B5_000652.png,35.40683593587912,0.8865633041625023,38.974545696406054,0.9732766005430221,39.352315708020356,0.976133345582962
1101245_B5_000653.png,35.410003956260596,0.8918762120022774,38.82610227955889,0.9713316688346862,39.19138277214504,0.9736999836950302
1101245_C10_000662.png,35.99725105460733,0.8840194085903168,40.66264380154919,0.980657616809845,40.98483946729698,0.9839423444414139
1101245_C10_000663.png,35.29970222206787,0.9004783616685867,38.428571442552595,0.9681452540216446,38.61728656268981,0.9712761802721024
1101245_C11_000664.png,35.26758472829236,0.9003165316357613,38.16231566417613,0.9655991279754639,38.58709771792059,0.9697687072973251
1101245_C11_000665.png,35.812373245157175,0.8797505767641067,40.58214916033967,0.978657642129898,41.13453504852917,0.982106588637352
1101245_C12_000666.png,35.22008217170551,0.8857779120445252,38.746885289338195,0.9699114870471954,38.935225362348696,0.9726545166110993
1101245_C12_000667.png,35.784945789522304,0.8864308885951042,39.91538531646576,0.9758890806941987,40.3907513211055,0.9796630644741058
1101245_C6_000654.png,35.51520687621502,0.8915772495536805,39.0905205708395,0.9741791084575653,39.370112433824985,0.9767784725294113
1101245_C6_000655.png,34.733108988100014,0.8943880128699541,37.20569435043507,0.9597910889344216,37.76908331813879,0.9635730374164582
1101245_C7_000656.png,35.42011554226325,0.8888852014670372,38.7604082158614,0.9702038712096215,38.989936102226004,0.9722717245349884
1101245_C7_000657.png,35.24422620774919,0.9014382924690246,38.12285222840552,0.9686518680429459,38.48783734706344,0.9724388344163895
1101245_C8_000658.png,35.412573768832885,0.88587413839674,39.31654765125645,0.973836099308014,39.778346639404525,0.9781462855701446
1101245_C8_000659.png,35.2545142838577,0.9012967490844727,38.25289297217903,0.9664855868320466,38.5621128334788,0.9689611642694473
1101245_C9_000660.png,35.55670140749952,0.892199904317379,39.04795525031682,0.9712452605390549,39.511839924715304,0.9751399863910675
1101245_C9_000661.png,35.60899067856647,0.8960943606920242,39.32493188415419,0.9710563012676239,39.66975268271136,0.9750482781534195
1101245_D13_000668.png,35.759749591169204,0.8840779268388749,39.76128784186235,0.9733433187179565,40.3521639801048,0.9775709912137985
1101245_D13_000669.png,35.143084272593086,0.9098903222489357,37.890615096191446,0.9629650854129791,38.53665998658189,0.9697811724710464
1101245_D14_000670.png,35.67975551078307,0.8906274039587975,39.700938419319584,0.972820990348816,39.97251854234293,0.9761773210935593
1101245_D14_000671.png,35.86703984284525,0.8982916868467331,39.51883111598263,0.9731644485406875,39.67739110870867,0.975467649969101
1101245_D15_000672.png,35.488934891303565,0.8919044356427193,39.06450398665879,0.9694913147220612,39.472816164312476,0.9729604274806977
1101245_D15_000673.png,35.855216140981284,0.88496329778862,40.14767466153772,0.9771473330726623,40.62458630122977,0.9808100215129852
1101245_E16_000674.png,35.859895826162244,0.8900741833176613,39.96282784743014,0.9751566413154602,40.52503022952247,0.9791511753406524
1101245_E16_000675.png,35.592756749298,0.8983813648204804,39.15977350048208,0.9699902920980453,39.63721418855365,0.9743235898017883
1101245_E17_000676.png,35.52884011742879,0.8926679635901451,39.27707490393906,0.9698263844060898,39.666306780971624,0.9730428270082474
1101245_E17_000677.png,36.061965834429294,0.8789607369627953,41.18558467062325,0.9811708991165161,41.614523566789586,0.9842656499414444
1101245_E18_000678.png,36.121978375571764,0.8812189219083786,41.45401465470431,0.981577675110817,41.65185536991836,0.9843709253892898
1101245_E18_000679.png,35.705485090005915,0.8963178264598847,39.470461053356054,0.9728737741575241,39.88257771484808,0.9767522608337402
1101245_F19_000680.png,35.930945617729236,0.8867585950965882,40.656629447330666,0.9775351009407044,41.02237246667978,0.9803790909309387
1101245_F19_000681.png,35.95640344821679,0.8811194280123711,40.90051409091683,0.9778966257276535,41.38903886998462,0.9811143066549302
1101245_F20_000682.png,35.777642819918,0.8905641376752853,39.930122340791804,0.9756700946931839,40.56519193300197,0.9807358631258011
1101245_F20_000683.png,35.71100704772774,0.8965998019938469,39.40567739009786,0.97340778545475,39.89115645321984,0.9771441609106064
1101245_G21_000684.png,35.999000543054876,0.9008149238300324,39.734649756011116,0.9757009520902634,40.138711153409375,0.9783412956705093
1101245_G21_000685.png,35.74617005757819,0.9007534460072517,39.434766376121104,0.9728382261648179,39.82375942250308,0.9755220536346435
1101245_G22_000686.png,35.880602920714814,0.8769429127874374,41.306201449392304,0.9815551551790237,41.79516079882916,0.9847358195829391
1101245_G22_000687.png,36.235765880251584,0.8826065252909661,41.53967578933959,0.9817806535873413,42.041451276000046,0.9849390216979981
1101245_X_000688.png,35.367235349321916,0.8912643377785683,38.753939783399474,0.9701201560492515,39.02164643339554,0.9732297399520874
1101245_Y_000689.png,35.800340767699744,0.8944731683211327,39.99933610534721,0.9772695701913834,40.596880043095325,0.9813944251756668
1101291_A1_001885.png,33.891372300023775,0.9083579627876281,35.552383957622446,0.9613505026712418,35.779698512364796,0.9603288363904953
1101291_A1_001886.png,34.13560109901667,0.8875766985442638,36.105778517246556,0.9612494899845123,36.33403828384667,0.9617998072581291
1101291_A2_001887.png,34.627584815642564,0.890520580277443,36.91498636500153,0.9691931417551041,36.83347367824143,0.9681261661882401
1101291_A2_001888.png,35.15708398698253,0.8898184158544541,38.27257382260267,0.971457520442009,38.473945219294265,0.9730525394153595
1101291_A3_001889.png,34.6741516237062,0.8907504763731956,37.344135686204524,0.9668526480088234,37.420200859627315,0.9666101412572861
1101291_A3_001890.png,34.86954409934412,0.8706416887704134,38.249316472922544,0.9748852843532563,38.337636984337685,0.9761507123169899
1101291_B4_001891.png,35.45011250126812,0.9061193732099533,38.42855013217734,0.965452096247673,38.62537347187719,0.9689835156011581
1101291_B4_001892.png,35.146751880968075,0.8902295603404045,38.240662559259924,0.9693592657032013,38.48519065558018,0.9713278145332337
1101291_B5_001893.png,35.241670097231065,0.885937200820446,38.44635768187916,0.9685028245406151,38.5794931350563,0.9700906061911583
1101291_B5_001894.png,35.11908035649085,0.8846330039310455,38.371104814282326,0.9730580113763809,38.567561601269794,0.9749496575012208
1101291_C10_001903.png,35.35457530484007,0.8920412214112282,38.91441214030192,0.9722350983762741,39.30671098324848,0.9755731959180832
1101291_C10_001904.png,35.64228770335448,0.8939417258872986,39.07759581407398,0.9715283400993348,39.41481471531793,0.9754575829744339
1101291_C11_001905.png,35.714774089924354,0.8950922233963012,39.535868509476,0.9737403408374786,40.00726067421844,0.9773977359571457
1101291_C11_001906.png,35.140821495292585,0.8970818067388534,38.214276887240224,0.9658801321401596,38.68057952031303,0.9698503848056793
1101291_C12_001907.png,35.61546311103289,0.8805110318150521,39.360532185715826,0.9738603554439544,39.80677522543832,0.9778146231222152
1101291_C12_001908.png,35.59020232156589,0.8869834944572449,39.251137960038555,0.9701856157550812,39.88420487370082,0.9760204280824661
1101291_C6_001895.png,34.63547233243143,0.9086412601146698,36.76297511164158,0.9612541498556137,36.98137526436089,0.9628395394382476
1101291_C6_001896.png,35.55313568868628,0.8779641363563537,39.42741761467268,0.9759346126127243,39.46851270068202,0.9782378678483963
1101291_C7_001897.png,35.57939433616478,0.8942340795474052,38.82673238440818,0.971354265127182,39.055270615236275,0.9741183744735717
1101291_C7_001898.png,34.95194055062773,0.8990325144162178,37.598546364525866,0.9658916518507004,37.77107757390575,0.9678113367438317
1101291_C8_001899.png,35.76404979043787,0.883511676027298,39.58204173466942,0.9699694325990676,39.93433657375322,0.9734107168664933
1101291_C8_001900.png,35.615170090691294,0.8994020295629501,39.04309608822222,0.9696919610366821,39.4856344052684,0.9732263693227768
1101291_C9_001901.png,35.49421100952707,0.8835337403388024,39.20192811875236,0.9705839950551987,39.53297548049478,0.9745641256084442
1101291_C9_001902.png,35.76713285948117,0.8941291793098449,39.53794803141819,0.9730916869659424,39.97541593583884,0.9768212227182388
1101291_D13_001909.png,35.383685292943795,0.9082563879790306,38.57849393459584,0.9674277154312134,39.00650820357457,0.9714930023555756
1101291_D13_001910.png,35.220441164428905,0.9037459904408455,38.386983461087574,0.965753849357605,39.10109692126474,0.9719071313896179
1101291_D14_001911.png,35.63144220887433,0.8749706254639625,40.55798968024766,0.9778370337018967,41.08932688211012,0.981368701751709
1101291_D14_001912.png,35.81848342909049,0.8935331894507408,39.69961643546499,0.9739444448890686,39.788798733804434,0.9762758426580429
1101291_D15_001913.png,35.85498970929623,0.8843915750570297,40.15112375290356,0.9722170427207947,40.43958595981393,0.9755261403617859
1101291_D15_001914.png,35.55905255867708,0.89470748117733,38.77762524160325,0.965216145734787,39.35077962114628,0.9712461891784668
1101291_E16_001915.png,35.85102449172235,0.8883176895213127,40.050812280427415,0.9742314314136505,40.491189114114775,0.978207193810463
1101291_E16_001916.png,35.91992881348191,0.8934065526533127,40.23633900152639,0.976889969871521,40.67861580962558,0.9801611229019165
1101291_E17_001917.png,36.34314944665115,0.8839017606487274,41.286846838193334,0.9805709291620255,41.645836988253635,0.9841370748271943
1101291_E17_001918.png,35.59618477296241,0.8994926303291321,39.38946974966618,0.9718850191059113,39.85411344146029,0.9753694686307907
1101291_E18_001919.png,36.065994212988315,0.8862444327964782,40.6229274889217,0.9756608690719605,40.874285793323075,0.9781400025911331
1101291_E18_001920.png,35.548347416128586,0.8942030225920677,39.75235481365603,0.9746157521066665,40.242315408896765,0.9785542027511597
1101291_F19_001921.png,35.93111040713631,0.8838040688629151,40.75747629746854,0.977041630654335,41.44901770144977,0.981331171546936
1101291_F19_001922.png,35.750301057704434,0.8848070252923965,40.24705958800779,0.9750046122055054,40.76411838960265,0.9784399881067276
1101291_F20_001923.png,36.03180771900521,0.8761398884034157,41.68904496046217,0.9831774809026718,42.14576958414112,0.9867505771665573
1101291_F20_001924.png,36.01860509842626,0.8856602755494117,40.61195478025518,0.9788786294822693,40.9615308645721,0.9814841230039597
1101291_G21_001925.png,35.80161741752133,0.8837475400137901,40.525099417719744,0.9772131544218063,40.7607539021879,0.979897897512436
1101291_G21_001926.png,36.25374142936188,0.8833551191864014,41.45515441936873,0.9811431555023193,41.61934462362609,0.9828584740886688
1101291_G22_001927.png,35.98491028316802,0.881417129983902,41.23499292892418,0.9814724310159684,41.6575839242047,0.9842829279737473
1101291_G22_001928.png,35.74892548991641,0.8892703737783432,40.23529520776448,0.9754279493293763,40.88821756176104,0.9796523606843949
1101291_X_001929.png,35.505389585199616,0.8855765526604652,39.195843427791026,0.973526242023468,39.56455498177058,0.9763974448242188
1101291_Y_001930.png,35.75360415635443,0.8874960301299095,40.439619779603724,0.9784591072626114,41.09668026626998,0.9828472343692779
unknow397_A1_001472.png,34.49405431563154,0.8442581346049309,37.46680739041192,0.9429796139101982,38.10188150689494,0.9482630383310318
unknow397_A1_001473.png,35.222011719504266,0.8778996955823898,38.19840383770438,0.9565318141117096,38.49389237457689,0.9584821653032303
unknow397_A2_001474.png,34.897907492934124,0.8716718386473655,37.70809613152459,0.952702571472168,38.28659092067143,0.9566284900865555
unknow397_A2_001475.png,34.92823843233549,0.8680393400797843,37.53165221192626,0.9465406237454415,38.05461837755838,0.9506638966884613
unknow397_A3_001476.png,35.213939273370904,0.8780533439230919,38.57364810507898,0.9606059510211945,39.10678475417156,0.9636411804952622
unknow397_A3_001477.png,34.7091146248501,0.8586298208246231,37.22392502957669,0.9441778264393806,37.888722034889646,0.9499759922332763
unknow397_B4_001478.png,35.15866808142912,0.864565931700468,38.85588278553357,0.9579596922550201,39.33869417099726,0.9600893627271653
unknow397_B4_001479.png,35.02618381088753,0.8791394694824218,37.84266253761099,0.9536498674507141,38.377202363235746,0.957740564584732
unknow397_B5_001480.png,35.107222217059395,0.8806832196683884,38.034018948939085,0.9538855500192642,38.456931577601964,0.9567324591865539
unknow397_B5_001481.png,35.405943383685056,0.875735875673294,39.12628415006787,0.9656700862846375,39.54441250953718,0.9682383852281571
unknow397_C10_001490.png,35.1297533646617,0.8536926213784218,39.482982845413005,0.9622632574234009,40.287060930409424,0.9655722360124588
unknow397_C10_001491.png,35.14464220853157,0.8711850253195763,38.30835805611055,0.9562787205238342,38.66098636444429,0.9577527278642655
unknow397_C11_001492.png,35.38219613112168,0.8736025578312874,39.45242897573871,0.9696570221672058,40.07427156866717,0.9729123740873337
unknow397_C11_001493.png,34.95701226762066,0.8609752190914154,38.962715481661185,0.9656445824842453,39.72884397634779,0.9695456375498772
unknow397_C12_001494.png,35.06946780333478,0.8718163221821785,38.4831921420037,0.9612810766515731,39.144523637315146,0.9662572012910843
unknow397_C12_001495.png,35.13967886138165,0.8791499337763786,39.14517648670178,0.9673084279813766,39.828694345883285,0.971668939133644
unknow397_C6_001482.png,34.95572552456325,0.8840509697060585,37.651459297198365,0.9553127305278778,38.15234766561938,0.9582376941595078
unknow397_C6_001483.png,35.009292640850894,0.861339630194664,38.587178779487296,0.9584795213947296,39.241619269788345,0.9615839952020645
unknow397_C7_001484.png,35.06524564795926,0.8556569653010369,38.917072051765835,0.9598247543115616,39.447006133414654,0.9628017247371674
unknow397_C7_001485.png,35.321655089567386,0.8721060811514855,39.334888962545605,0.9671546452827453,39.952281784866685,0.9697212206907272
unknow397_C8_001486.png,35.27871131631834,0.857454343269825,39.48942026693458,0.9664117204647065,39.91909520398672,0.9691907305049896
unknow397_C8_001487.png,35.2415211657058,0.8704918368973732,38.74845121238248,0.962446406162262,39.23286434198097,0.9657061010398865
unknow397_C9_001488.png,35.090906806049844,0.8666406336712837,39.02142696370281,0.9616758633480073,39.69231874088082,0.9653268497161865
unknow397_C9_001489.png,35.32521598072779,0.8590905291919708,39.83708887557129,0.9694462750310898,40.237275502771226,0.9713879062461853
unknow397_D13_001496.png,35.17577020449632,0.8698725486493111,39.22625862346865,0.9673012913532257,39.96514232588063,0.9710397916259765
unknow397_D13_001497.png,35.330197076165625,0.8524263319983483,40.62273935403114,0.9715635184574127,41.61986254042652,0.9749580266914367
unknow397_D14_001498.png,35.250581667483914,0.8623727796945572,39.43312055633024,0.9649838284664154,40.16411177550892,0.9687134267654419
unknow397_D14_001499.png,35.19675506969782,0.8675089735379219,39.452096489431504,0.9667823189468384,40.19434833568518,0.9703979026069641
unknow397_D15_001500.png,35.43249500842359,0.8610706360285282,40.163561485625166,0.9694647303171158,40.81747481060823,0.9738211313362122
unknow397_D15_001501.png,35.01539841018292,0.8669642417726516,39.13811790935974,0.9647529217243195,39.825296307028935,0.9687435559492111
unknow397_E16_001502.png,35.49634165587086,0.8669551719627381,40.069464005966765,0.9727778311634063,40.69518531353015,0.9754284946260452
unknow397_E16_001503.png,35.41612217094521,0.8667125110216141,40.29976349092986,0.9742788664779664,41.18368383359973,0.97762317841053
unknow397_E17_001504.png,35.522408416675,0.8711025587997436,39.93051375232608,0.9705231142578125,40.35936489518523,0.9728202364139557
unknow397_E17_001505.png,35.49352373258769,0.8569130268087387,40.42045801403635,0.9728925881853103,41.03589588141919,0.9762897951126098
unknow397_E18_001506.png,35.67218429281608,0.8718071454563141,40.65872824007501,0.9758362849130631,41.20570298722869,0.9787354130134582
unknow397_E18_001507.png,35.05557156149785,0.8685937636966705,39.81101744793936,0.9723502422294616,40.731516656003336,0.9773079744930268
unknow397_F19_001508.png,35.231917966645334,0.8554603865923881,40.560945985126686,0.973464293176651,41.65527082238385,0.977801299276352
unknow397_F19_001509.png,35.179164602646054,0.8535861296849251,40.49451141046348,0.9734917558937073,41.3776036771997,0.9773444915266037
unknow397_F20_001510.png,35.28066920471472,0.860637948231697,40.68651078336445,0.9748894943408966,41.668479566294145,0.9788165245370865
unknow397_F20_001511.png,35.296561321021585,0.8606196220731736,40.51261576287033,0.975465513258934,41.54057657793449,0.9794183083381652
unknow397_G21_001512.png,35.42691587249271,0.8572193790926933,41.02860574584548,0.9778315761098861,42.00672645480346,0.9814457890996933
unknow397_G21_001513.png,35.052949222215425,0.8562467997975349,40.55480426352331,0.9787342339267731,41.62790551679989,0.9829879310216904
unknow397_G22_001514.png,35.76628537378815,0.872869298089981,40.826476957007785,0.9787858937158584,41.32958611520364,0.9813606404018402
unknow397_G22_001515.png,35.22651411704837,0.8513942977752685,40.58421236694506,0.9768216904478073,41.61046118394074,0.9801089199275971
unknow397_X_001516.png,35.47684064781298,0.8762873929286004,39.36546052415635,0.966307254374504,39.7838894928378,0.9683515037918091
unknow397_Y_001517.png,35.28821556856921,0.860731798930645,40.52567436370718,0.9770591362047195,41.74147436654462,0.9823683054132462
